INFO:root:A
INFO:root:2010-08-24 SELL 51 at 19.57 4756036
INFO:root:2010-08-27 SELL SL at 20.0 4908987
INFO:root:2011-11-01 SELL 40 at 25.24 8573355
INFO:root:2011-11-03 SELL SL at 26.56 8016302
INFO:root:2015-09-01 SELL 29 at 34.75 3196650
INFO:root:2015-09-08 SELL SL at 36.21 2744114
INFO:root:2022-08-22 SELL 7 at 133.94 1469029
INFO:root:2022-09-01 TP at 126.21 1570100
INFO:root:Total Profit: 7.73
INFO:root:Total Loss: 3.21
INFO:root:Net Profit: -62.96
INFO:root:AAPL
INFO:root:2011-10-19 SELL 70 at 14.24 709048200
INFO:root:2011-11-10 TP at 13.65 440627800
INFO:root:2015-07-22 SELL 32 at 31.31 212366114
INFO:root:2015-08-04 TP at 28.31 232105514
INFO:root:2018-11-02 SELL 19 at 51.87 163981514
INFO:root:2018-11-12 TP at 48.45 180280257
INFO:root:Total Profit: 7.01
INFO:root:Total Loss: 0
INFO:root:Net Profit: 202.28
INFO:root:ABBV
INFO:root:2013-06-26 BUY 23 at 43.38 5084843
INFO:root:2013-06-28 BUY SL at 41.34 5495636
INFO:root:2020-10-30 BUY 12 at 85.1 8408479
INFO:root:2020-11-04 TP at 97.49 10211529
INFO:root:Total Profit: 12.39
INFO:root:Total Loss: 2.04
INFO:root:Net Profit: 101.76
INFO:root:ABNB
INFO:root:2023-04-21 SELL 9 at 115.5 5558379
INFO:root:2023-04-28 SELL SL at 119.67 4503814
INFO:root:2023-05-10 SELL 9 at 113.19 7957164
INFO:root:2023-05-12 TP at 104.21 8937343
INFO:root:Total Profit: 8.98
INFO:root:Total Loss: 4.17
INFO:root:Net Profit: 43.29
INFO:root:ABT
INFO:root:2016-06-29 BUY 26 at 38.57 10052450
INFO:root:2016-07-06 TP at 40.88 10353493
INFO:root:2020-04-01 SELL 13 at 76.57 16347379
INFO:root:2020-04-02 SELL SL at 79.44 15765307
INFO:root:2022-10-19 SELL 10 at 98.11 6890914
INFO:root:2022-11-22 SELL SL at 104.87 4920321
INFO:root:Total Profit: 2.31
INFO:root:Total Loss: 9.63
INFO:root:Net Profit: -44.85
INFO:root:ACGL
INFO:root:2020-04-07 BUY 36 at 27.88 3493000
INFO:root:2020-04-15 BUY SL at 27.35 2683714
INFO:root:2020-06-10 SELL 30 at 32.86 3026179
INFO:root:2020-06-12 TP at 29.97 2851907
INFO:root:Total Profit: 2.89
INFO:root:Total Loss: 0.53
INFO:root:Net Profit: 67.62
INFO:root:ACN
INFO:root:2011-09-07 BUY 19 at 52.2 5695757
INFO:root:2011-09-09 BUY SL at 49.82 4870143
INFO:root:2011-09-27 BUY 19 at 53.65 6548679
INFO:root:2011-10-03 BUY SL at 51.62 6866193
INFO:root:2012-07-26 BUY 17 at 59.21 2922921
INFO:root:2012-08-06 TP at 61.93 2690400
INFO:root:2022-10-07 SELL 4 at 259.71 2553557
INFO:root:2022-10-11 TP at 251.27 2457271
INFO:root:Total Profit: 11.16
INFO:root:Total Loss: 4.41
INFO:root:Net Profit: -3.79
INFO:root:ADBE
INFO:root:2015-10-07 SELL 12 at 80.65 5661229
INFO:root:2015-10-15 SELL SL at 86.77 4229393
INFO:root:2020-11-04 BUY 2 at 487.23 2331043
INFO:root:2020-11-05 TP at 502.53 2328171
INFO:root:2020-11-10 SELL 2 at 452.0 2738664
INFO:root:2020-11-27 SELL SL at 477.03 2688636
INFO:root:2022-09-13 SELL 3 at 368.39 2733286
INFO:root:2022-09-15 TP at 305.0 4583164
INFO:root:2023-02-03 SELL 3 at 379.33 2741500
INFO:root:2023-02-17 TP at 352.12 2615936
INFO:root:2023-12-14 SELL 2 at 584.64 3517864
INFO:root:2024-01-03 TP at 570.19 3936771
INFO:root:Total Profit: 120.35
INFO:root:Total Loss: 31.15
INFO:root:Net Profit: 207.8
INFO:root:ADI
INFO:root:2016-06-29 BUY 18 at 55.62 2503436
INFO:root:2016-07-11 TP at 58.55 2534057
INFO:root:2020-02-24 SELL 9 at 117.36 2485021
INFO:root:2020-02-27 TP at 107.57 2759950
INFO:root:2024-11-06 BUY 4 at 226.25 2578843
INFO:root:2024-11-13 BUY SL at 212.84 2987829
INFO:root:Total Profit: 12.72
INFO:root:Total Loss: 13.41
INFO:root:Net Profit: 87.21
INFO:root:ADM
INFO:root:2011-09-07 BUY 36 at 27.92 6166429
INFO:root:2011-09-09 BUY SL at 27.11 5910786
INFO:root:2020-04-21 SELL 29 at 35.0 3268800
INFO:root:2020-04-27 SELL SL at 36.54 2938464
INFO:root:Total Profit: 0
INFO:root:Total Loss: 2.35
INFO:root:Net Profit: -73.82
INFO:root:ADP
INFO:root:2020-04-06 BUY 7 at 139.65 3859129
INFO:root:2020-04-07 TP at 147.17 3699271
INFO:root:2020-10-28 BUY 6 at 155.08 2102686
INFO:root:2020-11-03 TP at 167.37 2112057
INFO:root:Total Profit: 19.81
INFO:root:Total Loss: 0
INFO:root:Net Profit: 126.38
INFO:root:ADSK
INFO:root:2016-06-24 SELL 19 at 54.04 1543257
INFO:root:2016-06-27 TP at 49.82 1783629
INFO:root:2019-08-28 SELL 7 at 140.08 3461814
INFO:root:2019-09-06 SELL SL at 150.35 3600329
INFO:root:2023-11-29 BUY 5 at 213.85 1571986
INFO:root:2023-12-11 TP at 228.28 1904350
INFO:root:Total Profit: 18.65
INFO:root:Total Loss: 10.27
INFO:root:Net Profit: 80.44
INFO:root:AEE
INFO:root:Total Profit: 0
INFO:root:Total Loss: 0
INFO:root:Net Profit: 0
INFO:root:AEP
INFO:root:Total Profit: 0
INFO:root:Total Loss: 0
INFO:root:Net Profit: 0
INFO:root:AES
INFO:root:2012-08-06 SELL 85 at 11.71 7694007
INFO:root:2012-09-05 TP at 11.11 4220929
INFO:root:2020-06-16 BUY 73 at 13.66 7231771
INFO:root:2020-07-06 TP at 15.05 8113393
INFO:root:Total Profit: 1.99
INFO:root:Total Loss: 0
INFO:root:Net Profit: 152.47
INFO:root:AFL
INFO:root:2011-09-02 SELL 57 at 17.5 8931743
INFO:root:2011-09-15 SELL SL at 18.11 8274586
INFO:root:2011-09-27 BUY 58 at 17.24 10847943
INFO:root:2011-10-05 TP at 18.75 12865343
INFO:root:2011-11-01 SELL 47 at 21.49 10165743
INFO:root:2011-11-03 SELL SL at 22.84 10359500
INFO:root:2020-04-06 BUY 28 at 35.22 6970164
INFO:root:2020-04-09 TP at 39.82 6565693
INFO:root:2020-05-18 BUY 29 at 34.75 4195343
INFO:root:2020-06-03 TP at 38.66 5404271
INFO:root:Total Profit: 10.02
INFO:root:Total Loss: 1.96
INFO:root:Net Profit: 231.55
INFO:root:AIG
INFO:root:2011-10-31 SELL 41 at 24.69 7697150
INFO:root:2011-11-09 TP at 22.5 7292857
INFO:root:2015-08-11 SELL 16 at 63.31 8638921
INFO:root:2015-08-12 TP at 61.52 8979493
INFO:root:2015-11-03 SELL 16 at 60.96 9441650
INFO:root:2015-11-23 SELL SL at 62.76 9157029
INFO:root:2019-02-14 SELL 25 at 40.19 6728407
INFO:root:2019-02-25 SELL SL at 43.83 8314657
INFO:root:2021-12-21 BUY 18 at 55.14 5469864
INFO:root:2021-12-28 TP at 57.6 4803614
INFO:root:Total Profit: 6.44
INFO:root:Total Loss: 5.44
INFO:root:Net Profit: 42.91
INFO:root:AIZ
INFO:root:2020-05-18 BUY 10 at 98.29 681114
INFO:root:2020-05-26 TP at 105.66 714286
INFO:root:2020-06-11 SELL 10 at 104.81 461000
INFO:root:2020-06-25 TP at 98.01 516679
INFO:root:2023-03-21 BUY 9 at 116.44 545850
INFO:root:2023-04-28 TP at 124.06 377857
INFO:root:Total Profit: 21.79
INFO:root:Total Loss: 0
INFO:root:Net Profit: 210.28
INFO:root:AJG
INFO:root:2011-09-07 BUY 36 at 27.73 686771
INFO:root:2011-09-20 TP at 28.58 830021
INFO:root:2012-08-01 BUY 28 at 35.95 435471
INFO:root:2012-08-02 BUY SL at 35.51 441736
INFO:root:Total Profit: 0.85
INFO:root:Total Loss: 0.44
INFO:root:Net Profit: 18.28
INFO:root:AKAM
INFO:root:2011-09-27 BUY 45 at 22.14 3479779
INFO:root:2011-09-29 BUY SL at 20.99 3476286
INFO:root:2012-07-26 BUY 29 at 35.04 3974714
INFO:root:2012-09-06 TP at 39.37 2152350
INFO:root:2024-11-08 SELL 11 at 89.37 2160886
INFO:root:Total Profit: 4.33
INFO:root:Total Loss: 1.15
INFO:root:Net Profit: 73.82
INFO:root:ALB
INFO:root:2010-11-18 BUY 19 at 52.8 590279
INFO:root:2010-12-06 TP at 55.63 544493
INFO:root:2011-09-09 SELL 22 at 45.85 1358521
INFO:root:2011-09-12 TP at 43.66 1301229
INFO:root:2011-09-27 BUY 23 at 44.01 1176236
INFO:root:2011-09-28 BUY SL at 41.01 1195114
INFO:root:2018-02-26 SELL 9 at 110.1 2423414
INFO:root:2018-02-28 TP at 98.93 2767036
INFO:root:2020-06-11 SELL 13 at 74.52 1439129
INFO:root:2020-07-06 SELL SL at 81.22 981621
INFO:root:2023-12-11 SELL 8 at 126.54 3367671
INFO:root:2023-12-12 SELL SL at 127.94 3404007
INFO:root:2024-03-05 SELL 9 at 109.4 4738879
INFO:root:2024-03-27 SELL SL at 128.8 2881950
INFO:root:2024-09-11 BUY 11 at 89.3 2445029
INFO:root:2024-09-27 TP at 98.25 2961093
INFO:root:Total Profit: 25.14
INFO:root:Total Loss: 30.5
INFO:root:Net Profit: -40.97
INFO:root:ALGN
INFO:root:2011-09-27 BUY 62 at 16.03 587871
INFO:root:2011-09-30 BUY SL at 15.17 569564
INFO:root:2012-04-24 BUY 31 at 31.76 936114
INFO:root:2012-09-07 TP at 38.24 961036
INFO:root:2023-01-23 BUY 4 at 251.38 962707
INFO:root:2023-01-26 TP at 263.1 959014
INFO:root:Total Profit: 18.2
INFO:root:Total Loss: 0.86
INFO:root:Net Profit: 194.44
INFO:root:ALL
INFO:root:2011-09-06 SELL 41 at 24.56 6162357
INFO:root:2011-09-07 SELL SL at 25.85 6280086
INFO:root:Total Profit: 0
INFO:root:Total Loss: 1.29
INFO:root:Net Profit: -52.89
INFO:root:ALLE
INFO:root:2020-06-11 SELL 10 at 101.56 753371
INFO:root:2020-06-25 TP at 95.08 637821
INFO:root:Total Profit: 6.48
INFO:root:Total Loss: 0
INFO:root:Net Profit: 64.8
INFO:root:AMAT
INFO:root:2011-09-07 BUY 90 at 11.09 15503629
INFO:root:2011-09-15 TP at 11.71 16836764
INFO:root:2011-09-19 SELL 89 at 11.23 17172121
INFO:root:2011-09-22 TP at 10.21 18231271
INFO:root:2019-10-24 BUY 18 at 55.07 7007250
INFO:root:2019-11-15 TP at 62.92 6865029
INFO:root:2019-11-21 SELL 18 at 56.44 8510164
INFO:root:2019-12-12 SELL SL at 60.36 7112971
INFO:root:2021-02-19 BUY 8 at 119.46 8269493
INFO:root:2021-02-22 BUY SL at 115.23 8181421
INFO:root:2022-09-13 SELL 11 at 90.39 7030286
INFO:root:2022-09-22 TP at 84.59 6529579
INFO:root:2023-05-25 BUY 8 at 130.47 5902286
INFO:root:2023-05-26 TP at 136.69 6319157
INFO:root:2023-11-17 SELL 7 at 148.59 6501364
INFO:root:2023-11-20 SELL SL at 152.57 6714171
INFO:root:2024-01-26 SELL 6 at 166.9 6680979
INFO:root:2024-02-05 SELL SL at 171.09 6501207
INFO:root:2024-02-20 SELL 5 at 189.14 7696429
INFO:root:2024-02-22 SELL SL at 199.73 8202736
INFO:root:Total Profit: 21.51
INFO:root:Total Loss: 26.91
INFO:root:Net Profit: 191.09
INFO:root:AMCR
INFO:root:2012-08-23 SELL 129 at 7.74 107
INFO:root:2012-10-15 SELL SL at 7.95 714
INFO:root:2013-01-23 SELL 113 at 8.84 9407
INFO:root:2013-02-13 SELL SL at 9.5 379
INFO:root:2013-02-19 SELL 106 at 9.4 1014
INFO:root:2013-02-20 SELL SL at 10.04 1050
INFO:root:2013-02-21 SELL 104 at 9.59 1050
INFO:root:2013-03-01 TP at 9.06 1100
INFO:root:2013-03-05 BUY 111 at 9.04 1186
INFO:root:2013-03-11 TP at 9.66 507
INFO:root:2013-03-13 SELL 105 at 9.5 579
INFO:root:2013-03-19 TP at 9.15 479
INFO:root:2013-03-20 BUY 104 at 9.61 536
INFO:root:2013-04-02 TP at 9.95 471
INFO:root:2013-04-08 SELL 102 at 9.78 386
INFO:root:2013-04-10 SELL SL at 10.09 357
INFO:root:2013-04-12 SELL 98 at 10.25 357
INFO:root:2013-04-19 TP at 9.65 214
INFO:root:2013-04-24 BUY 98 at 10.16 221
INFO:root:2013-05-17 BUY SL at 9.63 379
INFO:root:2013-05-23 BUY 101 at 9.87 350
INFO:root:2013-06-04 BUY SL at 9.3 179
INFO:root:2013-06-12 BUY 108 at 9.22 171
INFO:root:2013-06-20 BUY SL at 8.8 107
INFO:root:2013-06-24 BUY 109 at 9.17 79
INFO:root:2013-07-11 TP at 9.78 1443
INFO:root:2013-07-23 SELL 105 at 9.5 86
INFO:root:2013-09-11 SELL SL at 10.06 336
INFO:root:2013-09-19 SELL 100 at 9.98 286
INFO:root:2013-09-24 TP at 9.63 450
INFO:root:2013-10-01 SELL 102 at 9.77 307
INFO:root:2013-10-02 SELL SL at 9.89 314
INFO:root:2013-10-08 SELL 102 at 9.84 357
INFO:root:2013-10-10 TP at 9.6 457
INFO:root:2013-10-16 BUY 100 at 10.05 271
INFO:root:2013-10-18 TP at 10.3 264
INFO:root:2013-10-25 SELL 97 at 10.3 1371
INFO:root:2013-11-06 SELL SL at 10.43 5671
INFO:root:2013-11-12 BUY 96 at 10.4 5014
INFO:root:2013-11-18 TP at 10.56 4914
INFO:root:2013-11-20 SELL 96 at 10.44 3536
INFO:root:2013-12-02 TP at 10.02 371
INFO:root:2013-12-06 BUY 98 at 10.2 350
INFO:root:2013-12-16 TP at 10.4 307
INFO:root:2013-12-17 SELL 97 at 10.3 329
INFO:root:2013-12-18 TP at 9.28 343
INFO:root:2013-12-20 BUY 107 at 9.37 393
INFO:root:2013-12-30 BUY SL at 9.3 764
INFO:root:2014-01-02 BUY 105 at 9.52 793
INFO:root:2014-01-14 BUY SL at 9.19 936
INFO:root:2014-01-17 BUY 108 at 9.25 1086
INFO:root:2014-01-28 BUY SL at 9.1 686
INFO:root:2014-01-29 BUY 107 at 9.34 814
INFO:root:2014-02-12 TP at 9.84 529
INFO:root:2014-05-16 SELL 103 at 9.7 150
INFO:root:2014-06-23 SELL SL at 9.85 14
INFO:root:2015-02-04 BUY 100 at 9.98 329
INFO:root:2015-02-09 TP at 10.19 343
INFO:root:2015-05-08 BUY 94 at 10.61 129
INFO:root:2015-07-28 BUY SL at 10.4 200
INFO:root:2015-12-22 BUY 105 at 9.53 186
INFO:root:2015-12-31 TP at 9.65 900
INFO:root:2016-01-05 SELL 106 at 9.44 3529
INFO:root:2016-01-11 TP at 9.05 3564
INFO:root:2016-06-09 SELL 89 at 11.18 107
INFO:root:2016-12-13 TP at 10.63 21
INFO:root:2017-03-09 SELL 95 at 10.57 71
INFO:root:2017-03-16 SELL SL at 10.9 193
INFO:root:2017-04-28 SELL 86 at 11.6 79
INFO:root:2017-05-18 TP at 11.0 521
INFO:root:2017-08-21 SELL 80 at 12.5 50
INFO:root:2017-08-22 SELL SL at 12.77 3050
INFO:root:2018-01-24 BUY 85 at 11.75 679
INFO:root:2018-02-13 BUY SL at 11.44 729
INFO:root:2018-03-02 SELL 93 at 10.74 1636
INFO:root:2018-04-06 TP at 10.55 236
INFO:root:2018-04-10 BUY 93 at 10.75 4493
INFO:root:2018-04-17 TP at 10.92 15721
INFO:root:2018-04-18 SELL 92 at 10.85 15714
INFO:root:2018-05-01 TP at 10.2 11464
INFO:root:2018-06-15 SELL 99 at 10.15 2307
INFO:root:2018-06-27 SELL SL at 10.7 2343
INFO:root:2018-06-28 SELL 95 at 10.5 2371
INFO:root:2018-07-31 SELL SL at 11.1 1221
INFO:root:2018-08-28 SELL 97 at 10.33 229
INFO:root:2018-09-11 TP at 9.85 36
INFO:root:2018-09-12 BUY 100 at 10.03 129
INFO:root:2018-09-19 BUY SL at 9.75 114
INFO:root:2018-10-01 SELL 101 at 9.9 614
INFO:root:2018-10-03 TP at 9.55 529
INFO:root:2018-11-09 SELL 103 at 9.7 1086
INFO:root:2018-11-14 SELL SL at 9.76 3064
INFO:root:2018-11-20 SELL 103 at 9.7 5500
INFO:root:2018-11-28 TP at 9.57 4514
INFO:root:2018-11-29 BUY 101 at 9.86 5743
INFO:root:2018-12-11 BUY SL at 9.56 3779
INFO:root:2019-01-08 SELL 106 at 9.44 121857
INFO:root:2019-01-10 SELL SL at 9.51 123107
INFO:root:2019-01-15 SELL 107 at 9.35 17371
INFO:root:2019-01-17 SELL SL at 9.57 17514
INFO:root:2019-03-12 BUY 95 at 10.49 1179
INFO:root:2019-04-01 TP at 11.08 10143
INFO:root:2019-04-05 SELL 92 at 10.83 9457
INFO:root:2019-04-09 SELL SL at 11.25 15057
INFO:root:2019-04-23 BUY 90 at 11.1 15057
INFO:root:2019-05-03 TP at 11.69 21086
INFO:root:2022-08-10 BUY 79 at 12.71 9341807
INFO:root:2022-08-16 TP at 13.37 9715836
INFO:root:Total Profit: 11.87
INFO:root:Total Loss: 8.47
INFO:root:Net Profit: 300.89
INFO:root:AMD
INFO:root:2011-01-11 SELL 120 at 8.36 20230186
INFO:root:2011-01-20 TP at 7.85 29220286
INFO:root:2011-11-01 SELL 189 at 5.3 24147700
INFO:root:2011-11-03 SELL SL at 5.73 25401336
INFO:root:2017-11-09 SELL 90 at 11.12 84312221
INFO:root:2017-11-27 SELL SL at 11.55 43707343
INFO:root:2019-08-14 SELL 33 at 30.24 89415893
INFO:root:2019-08-21 SELL SL at 31.7 84945464
INFO:root:2020-06-11 SELL 19 at 52.83 58442307
INFO:root:2020-06-26 TP at 49.45 58391479
INFO:root:2025-01-08 SELL 8 at 121.84 38970100
INFO:root:Total Profit: 3.89
INFO:root:Total Loss: 2.32
INFO:root:Net Profit: -42.73
INFO:root:AME
INFO:root:Total Profit: 0
INFO:root:Total Loss: 0
INFO:root:Net Profit: 0
INFO:root:AMGN
INFO:root:Total Profit: 0
INFO:root:Total Loss: 0
INFO:root:Net Profit: 0
INFO:root:AMP
INFO:root:2011-07-08 SELL 17 at 58.14 1948843
INFO:root:2011-07-11 TP at 54.78 2043957
INFO:root:2011-09-07 BUY 23 at 43.84 3400679
INFO:root:2011-09-09 BUY SL at 41.73 2935200
INFO:root:2011-11-01 SELL 23 at 44.09 3174536
INFO:root:2011-11-03 SELL SL at 46.82 3265843
INFO:root:2011-11-09 SELL 22 at 45.35 3303150
INFO:root:2011-11-21 TP at 42.59 2498557
INFO:root:2012-02-02 SELL 20 at 50.38 2756221
INFO:root:2012-02-06 SELL SL at 54.33 2974914
INFO:root:2016-06-24 SELL 11 at 91.32 1265264
INFO:root:2016-06-27 TP at 85.21 1391357
INFO:root:2019-06-04 BUY 7 at 146.92 843479
INFO:root:2019-06-10 TP at 152.32 856243
INFO:root:2023-03-24 SELL 3 at 291.44 1058321
INFO:root:2023-03-27 SELL SL at 298.23 1070114
INFO:root:Total Profit: 17.63
INFO:root:Total Loss: 15.58
INFO:root:Net Profit: 12.16
INFO:root:AMT
INFO:root:Total Profit: 0
INFO:root:Total Loss: 0
INFO:root:Net Profit: 0
INFO:root:AMZN
INFO:root:2014-10-31 BUY 65 at 15.27 116623000
INFO:root:2014-11-05 BUY SL at 14.83 113599286
INFO:root:2022-02-04 BUY 6 at 157.64 111020286
INFO:root:2022-03-07 BUY SL at 137.45 63806571
INFO:root:2023-08-04 BUY 7 at 139.57 65485943
INFO:root:2023-09-21 BUY SL at 129.33 54129686
INFO:root:2024-04-26 BUY 6 at 179.62 39450286
INFO:root:2024-05-03 TP at 187.87 49291057
INFO:root:2024-10-31 SELL 5 at 186.4 32458514
INFO:root:2024-11-01 SELL SL at 197.93 37963757
INFO:root:Total Profit: 8.25
INFO:root:Total Loss: 42.4
INFO:root:Net Profit: -229.57
INFO:root:ANET
INFO:root:2015-11-06 BUY 227 at 4.4 12983886
INFO:root:2015-12-28 TP at 4.92 12719429
INFO:root:2018-02-16 SELL 64 at 15.59 28662971
INFO:root:2018-03-05 SELL SL at 17.62 37390171
INFO:root:2022-11-09 SELL 33 at 30.73 12957857
INFO:root:2022-11-11 SELL SL at 32.14 13800571
INFO:root:2023-08-01 BUY 22 at 46.4 16905771
INFO:root:2023-11-01 TP at 52.94 12128057
INFO:root:2024-02-02 BUY 15 at 68.28 7974800
INFO:root:2024-02-06 BUY SL at 66.22 8297371
INFO:root:2024-08-02 SELL 13 at 79.83 11689229
INFO:root:2024-08-08 SELL SL at 83.62 11452829
INFO:root:Total Profit: 7.06
INFO:root:Total Loss: 9.29
INFO:root:Net Profit: 5.3
INFO:root:ANSS
INFO:root:Total Profit: 0
INFO:root:Total Loss: 0
INFO:root:Net Profit: 0
INFO:root:AON
INFO:root:2011-09-07 BUY 22 at 45.74 2409250
INFO:root:2011-09-09 BUY SL at 43.59 2309929
INFO:root:Total Profit: 0
INFO:root:Total Loss: 2.15
INFO:root:Net Profit: -47.3
INFO:root:AOS
INFO:root:2011-07-08 SELL 93 at 10.74 1109429
INFO:root:2011-07-11 TP at 10.42 1102114
INFO:root:2011-09-02 SELL 108 at 9.22 1534657
INFO:root:2011-09-07 SELL SL at 9.52 1502400
INFO:root:2011-11-03 BUY 104 at 9.66 3257171
INFO:root:2011-11-18 BUY SL at 9.08 2464457
INFO:root:2011-11-28 BUY 108 at 9.23 2288343
INFO:root:2011-11-30 TP at 9.82 2420371
INFO:root:2022-08-08 BUY 16 at 61.5 869257
INFO:root:2022-08-09 BUY SL at 60.3 859650
INFO:root:Total Profit: 0.91
INFO:root:Total Loss: 2.08
INFO:root:Net Profit: -18.44
INFO:root:APA
INFO:root:2011-11-01 SELL 11 at 94.13 3477664
INFO:root:2011-11-03 SELL SL at 101.6 3563657
INFO:root:2016-06-29 BUY 18 at 55.81 3257893
INFO:root:2016-07-21 BUY SL at 53.4 2438471
INFO:root:2021-05-11 SELL 48 at 21.04 7620779
INFO:root:2021-05-17 SELL SL at 22.16 7584036
INFO:root:2022-11-29 BUY 21 at 46.59 6044586
INFO:root:2022-12-06 BUY SL at 43.87 5984671
INFO:root:Total Profit: 0
INFO:root:Total Loss: 13.72
INFO:root:Net Profit: -236.43
INFO:root:APD
INFO:root:2011-11-01 SELL 13 at 76.99 1704474
INFO:root:2011-11-03 SELL SL at 79.86 1717863
INFO:root:2013-06-27 SELL 12 at 85.83 1945267
INFO:root:2013-07-03 TP at 83.37 2421834
INFO:root:2013-09-27 SELL 10 at 98.98 1305902
INFO:root:2013-10-08 TP at 94.57 1508536
INFO:root:2016-06-24 SELL 8 at 129.62 1059758
INFO:root:2016-06-27 TP at 124.1 1106072
INFO:root:2020-11-11 SELL 4 at 280.84 1102300
INFO:root:2020-11-12 TP at 263.61 1414550
INFO:root:Total Profit: 29.62
INFO:root:Total Loss: 2.87
INFO:root:Net Profit: 149.39
INFO:root:APH
INFO:root:2014-10-22 SELL 85 at 11.78 7196086
INFO:root:2014-10-24 SELL SL at 12.21 7134629
INFO:root:2019-12-04 BUY 39 at 25.75 4080857
INFO:root:2019-12-11 TP at 26.6 3963886
INFO:root:2020-06-09 SELL 39 at 25.43 7561114
INFO:root:2020-06-11 TP at 23.62 7656771
INFO:root:Total Profit: 2.66
INFO:root:Total Loss: 0.43
INFO:root:Net Profit: 67.19
INFO:root:APO
INFO:root:2020-04-06 BUY 28 at 35.92 3899721
INFO:root:2020-04-09 TP at 40.9 3361000
INFO:root:2020-04-21 SELL 28 at 35.5 2515557
INFO:root:2020-04-23 SELL SL at 38.05 2464257
INFO:root:Total Profit: 4.98
INFO:root:Total Loss: 2.55
INFO:root:Net Profit: 68.04
INFO:root:APP
INFO:root:Total Profit: 0
INFO:root:Total Loss: 0
INFO:root:Net Profit: 0
INFO:root:APTV
INFO:root:2013-01-03 SELL 31 at 32.15 11767624
INFO:root:2013-01-10 SELL SL at 32.53 10251594
INFO:root:2016-06-24 SELL 19 at 52.03 2614281
INFO:root:2016-07-21 SELL SL at 57.64 2481798
INFO:root:2019-02-13 BUY 13 at 79.52 2378543
INFO:root:2019-02-25 TP at 83.94 1630536
INFO:root:2019-06-04 BUY 14 at 70.51 2089336
INFO:root:2019-06-10 TP at 76.77 2169700
INFO:root:2020-06-09 SELL 13 at 75.91 2832650
INFO:root:2020-08-10 SELL SL at 86.44 1534936
INFO:root:2023-03-15 SELL 9 at 108.76 1673807
INFO:root:2023-03-16 SELL SL at 112.17 1705600
INFO:root:2024-08-02 SELL 14 at 69.63 3758429
INFO:root:2024-08-23 SELL SL at 72.29 3142436
INFO:root:Total Profit: 10.68
INFO:root:Total Loss: 22.59
INFO:root:Net Profit: -178.09
INFO:root:ARE
INFO:root:Total Profit: 0
INFO:root:Total Loss: 0
INFO:root:Net Profit: 0
INFO:root:ARM
INFO:root:2024-02-28 SELL 7 at 133.86 41797086
INFO:root:2024-02-29 SELL SL at 141.04 34925250
INFO:root:Total Profit: 0
INFO:root:Total Loss: 7.18
INFO:root:Net Profit: -50.26
INFO:root:ASML
INFO:root:2011-01-12 BUY 27 at 37.48 1930029
INFO:root:2011-01-14 TP at 41.09 2808000
INFO:root:2011-04-20 BUY 24 at 41.68 3982871
INFO:root:2011-05-23 BUY SL at 37.75 2847321
INFO:root:2011-06-15 SELL 28 at 36.15 1673843
INFO:root:2011-06-20 TP at 34.78 1674800
INFO:root:2011-07-07 BUY 26 at 38.64 1891193
INFO:root:2011-07-11 BUY SL at 36.93 1960314
INFO:root:2011-11-09 SELL 25 at 40.1 3048450
INFO:root:2011-11-17 TP at 37.99 2587121
INFO:root:2012-03-26 BUY 20 at 48.93 1455564
INFO:root:2012-03-30 TP at 50.32 1536371
INFO:root:2012-05-30 SELL 22 at 45.86 1858807
INFO:root:2012-06-01 TP at 43.74 1732021
INFO:root:2012-07-09 SELL 21 at 48.46 2212664
INFO:root:2012-07-10 SELL SL at 52.57 2765657
INFO:root:2012-09-27 BUY 18 at 54.23 2349764
INFO:root:2012-10-04 TP at 55.86 2571557
INFO:root:2012-10-17 SELL 20 at 50.08 4045800
INFO:root:2012-10-24 SELL SL at 53.88 6686436
INFO:root:2013-04-26 SELL 14 at 73.72 1984464
INFO:root:2013-05-02 SELL SL at 75.9 1841557
INFO:root:2014-01-22 BUY 11 at 91.29 1632600
INFO:root:2014-01-28 BUY SL at 86.44 1965086
INFO:root:2014-11-28 BUY 9 at 105.68 700893
INFO:root:2014-12-03 TP at 108.83 695700
INFO:root:2015-02-10 BUY 10 at 102.1 830621
INFO:root:2015-02-13 TP at 104.65 756243
INFO:root:2015-07-16 SELL 10 at 100.36 1440993
INFO:root:2015-08-13 TP at 94.64 917879
INFO:root:2015-08-25 BUY 11 at 87.01 1782657
INFO:root:2015-09-23 BUY SL at 83.88 1027436
INFO:root:2016-04-05 SELL 10 at 99.52 544543
INFO:root:2016-04-13 SELL SL at 102.05 481950
INFO:root:2016-07-11 BUY 10 at 99.76 964093
INFO:root:2016-07-14 TP at 103.85 1019021
INFO:root:2016-07-15 SELL 10 at 101.61 910093
INFO:root:2016-07-18 SELL SL at 103.13 804157
INFO:root:2016-07-21 SELL 9 at 105.48 1178307
INFO:root:2016-07-26 SELL SL at 108.77 1078443
INFO:root:2018-06-18 SELL 5 at 211.1 663757
INFO:root:2018-06-19 TP at 201.78 675621
INFO:root:2018-07-02 SELL 5 at 195.25 901500
INFO:root:2018-07-09 SELL SL at 199.11 863479
INFO:root:2018-09-13 BUY 5 at 182.0 992764
INFO:root:2018-09-20 TP at 192.06 1130786
INFO:root:2019-06-14 SELL 5 at 192.02 588693
INFO:root:2019-06-19 SELL SL at 196.82 582150
INFO:root:2019-07-05 SELL 5 at 209.75 547614
INFO:root:2019-07-17 SELL SL at 217.67 620864
INFO:root:2020-01-07 BUY 3 at 298.79 427464
INFO:root:2020-01-14 TP at 305.9 430350
INFO:root:2020-01-29 BUY 3 at 296.14 764464
INFO:root:2020-01-31 BUY SL at 280.66 838700
INFO:root:2020-02-04 BUY 3 at 299.23 881786
INFO:root:2020-02-05 TP at 307.35 920121
INFO:root:2020-02-18 SELL 3 at 309.18 867593
INFO:root:2020-02-19 SELL SL at 317.39 876764
INFO:root:2020-06-08 SELL 3 at 349.25 735393
INFO:root:2020-06-11 TP at 332.8 752743
INFO:root:2020-10-15 SELL 3 at 386.57 758879
INFO:root:2020-10-22 TP at 375.4 645529
INFO:root:2022-06-21 BUY 2 at 494.35 838086
INFO:root:2022-06-30 BUY SL at 475.88 965321
INFO:root:2022-09-13 SELL 2 at 471.1 993471
INFO:root:2022-09-20 TP at 457.36 975664
INFO:root:2022-10-07 SELL 2 at 434.26 1154936
INFO:root:2022-10-11 TP at 394.01 1279029
INFO:root:2023-05-10 BUY 2 at 657.14 849771
INFO:root:2023-05-17 TP at 671.4 700636
INFO:root:2023-05-24 SELL 1 at 666.79 854564
INFO:root:2023-05-25 SELL SL at 708.48 935164
INFO:root:2023-07-27 BUY 1 at 708.12 1479379
INFO:root:2023-08-02 BUY SL at 683.06 1425414
INFO:root:2024-02-22 BUY 1 at 951.85 1197521
INFO:root:2024-03-01 TP at 991.45 1045029
INFO:root:2024-04-02 SELL 1 at 966.71 902379
INFO:root:2024-04-03 SELL SL at 980.27 905307
INFO:root:2024-09-20 SELL 1 at 795.28 1837000
INFO:root:2024-09-26 SELL SL at 852.44 1487779
INFO:root:2024-11-15 SELL 2 at 658.63 2186586
INFO:root:2024-11-18 TP at 648.0 2227093
INFO:root:Total Profit: 208.45
INFO:root:Total Loss: 227.26
INFO:root:Net Profit: 49.24
INFO:root:ATO
INFO:root:2011-09-07 BUY 29 at 33.91 555479
INFO:root:2011-09-13 BUY SL at 32.92 654329
INFO:root:2011-11-01 SELL 30 at 33.03 344436
INFO:root:2011-11-03 SELL SL at 34.88 354207
INFO:root:2011-12-02 SELL 31 at 32.52 640000
INFO:root:2012-02-28 TP at 30.72 433636
INFO:root:Total Profit: 1.8
INFO:root:Total Loss: 2.84
INFO:root:Net Profit: -28.41
INFO:root:AVB
INFO:root:Total Profit: 0
INFO:root:Total Loss: 0
INFO:root:Net Profit: 0
INFO:root:AVGO
INFO:root:2011-08-24 BUY 310 at 3.23 30937571
INFO:root:2011-09-14 TP at 3.68 21463714
INFO:root:2019-07-03 SELL 35 at 28.49 41225714
INFO:root:2019-07-22 SELL SL at 29.61 25852786
INFO:root:2022-09-02 BUY 20 at 50.02 21165500
INFO:root:2022-09-20 BUY SL at 49.31 28578357
INFO:root:2024-11-06 BUY 6 at 179.55 18119757
INFO:root:2024-11-13 BUY SL at 173.58 18066414
INFO:root:Total Profit: 0.45
INFO:root:Total Loss: 7.8
INFO:root:Net Profit: 50.28
INFO:root:AVY
INFO:root:2011-09-07 BUY 36 at 27.42 1598729
INFO:root:2011-09-09 BUY SL at 25.95 1410543
INFO:root:2011-10-27 BUY 36 at 27.8 1859307
INFO:root:2011-11-01 BUY SL at 25.6 2003514
INFO:root:2012-02-01 BUY 35 at 28.53 1456650
INFO:root:2012-02-21 TP at 30.75 1422414
INFO:root:Total Profit: 2.22
INFO:root:Total Loss: 3.67
INFO:root:Net Profit: -54.42
INFO:root:AWK
INFO:root:Total Profit: 0
INFO:root:Total Loss: 0
INFO:root:Net Profit: 0
INFO:root:AXON
INFO:root:2018-11-07 SELL 20 at 50.7 735621
INFO:root:2018-11-20 TP at 43.7 930929
INFO:root:2019-02-27 SELL 18 at 55.49 711064
INFO:root:2019-03-08 TP at 46.28 916279
INFO:root:2019-08-09 SELL 17 at 58.09 895243
INFO:root:2019-10-18 TP at 49.8 692157
INFO:root:2022-08-10 BUY 8 at 126.07 316800
INFO:root:2022-09-22 BUY SL at 111.95 423171
INFO:root:Total Profit: 24.5
INFO:root:Total Loss: 14.12
INFO:root:Net Profit: 333.75
INFO:root:AXP
INFO:root:2015-09-08 BUY 13 at 75.49 6617157
INFO:root:2015-09-17 TP at 78.4 4949100
INFO:root:2020-01-27 SELL 8 at 130.64 3710143
INFO:root:2020-02-13 SELL SL at 134.46 2929014
INFO:root:2020-04-07 BUY 11 at 87.58 9271993
INFO:root:2020-04-15 BUY SL at 83.79 7993050
INFO:root:2020-05-01 SELL 11 at 88.32 7428521
INFO:root:2020-05-13 TP at 77.4 6378614
INFO:root:2022-10-07 SELL 7 at 139.0 2912921
INFO:root:2022-10-18 SELL SL at 145.99 3024964
INFO:root:2023-05-26 BUY 6 at 157.24 2762964
INFO:root:2023-06-01 TP at 163.99 2985700
INFO:root:2023-07-06 SELL 6 at 170.94 2922043
INFO:root:2023-07-11 SELL SL at 174.64 2637307
INFO:root:Total Profit: 20.58
INFO:root:Total Loss: 18.3
INFO:root:Net Profit: 55.07
INFO:root:AZN
INFO:root:2010-02-26 BUY 45 at 22.06 2872329
INFO:root:2010-03-03 TP at 22.45 2621429
INFO:root:2010-08-24 SELL 40 at 24.89 2506543
INFO:root:2010-09-03 SELL SL at 25.62 1877943
INFO:root:2011-04-20 BUY 40 at 24.88 2344100
INFO:root:2011-04-27 TP at 25.86 2667471
INFO:root:2011-04-28 SELL 40 at 24.95 2860543
INFO:root:2011-05-10 SELL SL at 25.69 2953729
INFO:root:2011-06-15 SELL 40 at 24.99 2139071
INFO:root:2011-06-16 TP at 24.35 2238271
INFO:root:2011-07-06 SELL 40 at 25.18 2967514
INFO:root:2011-07-12 TP at 24.55 2799186
INFO:root:2011-07-22 SELL 40 at 24.83 3498457
INFO:root:2011-08-03 TP at 23.19 4022143
INFO:root:2011-09-07 BUY 44 at 22.92 3830600
INFO:root:2011-09-09 BUY SL at 22.16 3444814
INFO:root:2011-09-27 BUY 45 at 22.4 2791657
INFO:root:2011-10-10 TP at 23.62 3366057
INFO:root:2012-04-23 SELL 44 at 22.77 3137829
INFO:root:2012-04-26 TP at 21.5 4158586
INFO:root:2012-08-08 SELL 42 at 23.59 3945300
INFO:root:2012-09-19 SELL SL at 24.06 2638214
INFO:root:2012-10-23 SELL 43 at 23.15 2483043
INFO:root:2012-11-09 TP at 22.62 1856186
INFO:root:2013-05-29 SELL 38 at 26.14 3651257
INFO:root:2013-06-05 TP at 25.28 3787757
INFO:root:2014-03-04 BUY 29 at 33.99 6457771
INFO:root:2014-03-06 BUY SL at 33.42 6412814
INFO:root:2014-12-10 BUY 27 at 36.81 3513957
INFO:root:2014-12-12 BUY SL at 35.9 3867943
INFO:root:2015-05-08 BUY 29 at 34.96 2604757
INFO:root:2015-05-26 BUY SL at 33.84 2242371
INFO:root:2015-09-02 BUY 32 at 31.68 2017000
INFO:root:2015-09-03 TP at 32.66 2132286
INFO:root:2016-05-09 BUY 35 at 28.78 3752250
INFO:root:2016-05-25 TP at 30.09 3447243
INFO:root:2016-11-10 SELL 36 at 27.68 7996829
INFO:root:2016-11-22 TP at 26.38 7503843
INFO:root:2017-07-28 BUY 33 at 30.27 8406200
INFO:root:2017-08-10 BUY SL at 29.03 7505357
INFO:root:2018-07-02 SELL 29 at 34.82 3379136
INFO:root:2018-07-06 SELL SL at 35.18 3446443
INFO:root:2018-11-06 SELL 26 at 38.36 4582300
INFO:root:2018-11-07 SELL SL at 39.21 4443336
INFO:root:2019-07-30 SELL 23 at 43.86 3876564
INFO:root:2019-08-09 SELL SL at 44.77 4318586
INFO:root:2019-11-05 SELL 21 at 47.2 3329686
INFO:root:2019-11-25 SELL SL at 48.77 2575000
INFO:root:2020-02-18 BUY 20 at 49.11 3170236
INFO:root:2020-02-24 BUY SL at 47.59 3082621
INFO:root:2020-03-02 BUY 22 at 45.87 4052807
INFO:root:2020-03-04 TP at 48.69 4285193
INFO:root:2020-05-28 BUY 19 at 53.5 5349721
INFO:root:2020-06-11 BUY SL at 51.57 5763821
INFO:root:2020-06-18 SELL 19 at 52.66 5399057
INFO:root:2020-06-23 SELL SL at 54.25 5788429
INFO:root:2020-11-04 BUY 18 at 55.04 4890750
INFO:root:2020-12-14 BUY SL at 50.03 11996164
INFO:root:2021-03-16 BUY 20 at 50.05 12664207
INFO:root:2021-03-19 BUY SL at 49.21 12439729
INFO:root:2021-09-27 SELL 17 at 58.72 6951736
INFO:root:2021-09-28 TP at 57.11 7122529
INFO:root:2021-12-07 SELL 18 at 54.76 5641671
INFO:root:2021-12-08 SELL SL at 55.13 5555821
INFO:root:2022-02-25 BUY 17 at 60.58 10312829
INFO:root:2022-03-04 BUY SL at 57.47 9878786
INFO:root:2022-05-18 SELL 16 at 63.32 7756371
INFO:root:2022-05-20 SELL SL at 66.21 7558964
INFO:root:2022-07-15 BUY 15 at 67.36 6733071
INFO:root:2022-08-11 BUY SL at 64.65 5542571
INFO:root:2022-09-13 SELL 17 at 58.99 7675771
INFO:root:2022-09-20 TP at 56.88 7708707
INFO:root:2022-10-06 SELL 18 at 54.91 7303993
INFO:root:2022-10-17 SELL SL at 56.18 7353764
INFO:root:2023-06-20 SELL 14 at 73.95 4782986
INFO:root:2023-06-23 TP at 72.0 4749807
INFO:root:2023-07-03 SELL 15 at 65.25 5221086
INFO:root:2023-07-31 SELL SL at 71.7 6380121
INFO:root:2023-08-03 SELL 14 at 69.67 5813893
INFO:root:2023-08-08 SELL SL at 70.48 5353307
INFO:root:2023-09-12 BUY 15 at 67.34 3721821
INFO:root:2023-09-13 BUY SL at 66.45 3763164
INFO:root:2024-11-22 BUY 15 at 65.63 9854529
INFO:root:2024-12-03 TP at 68.65 6313057
INFO:root:2024-12-04 SELL 15 at 66.78 6270407
INFO:root:2024-12-06 SELL SL at 68.2 5909407
INFO:root:Total Profit: 23.26
INFO:root:Total Loss: 41.04
INFO:root:Net Profit: -167.91
INFO:root:AZO
INFO:root:2019-02-27 SELL 1 at 911.93 344579
INFO:root:2019-02-28 SELL SL at 938.97 369707
INFO:root:Total Profit: 0
INFO:root:Total Loss: 27.04
INFO:root:Net Profit: -27.04
INFO:root:BA
INFO:root:2011-09-06 SELL 16 at 62.77 6425907
INFO:root:2011-09-07 SELL SL at 64.9 6373543
INFO:root:2011-11-01 SELL 16 at 63.17 6457064
INFO:root:2011-11-03 SELL SL at 66.19 6720307
INFO:root:2016-02-17 BUY 9 at 116.34 9367521
INFO:root:2016-03-11 TP at 125.5 4345993
INFO:root:2016-06-24 SELL 8 at 126.52 4362500
INFO:root:2016-07-11 SELL SL at 132.04 4398129
INFO:root:2020-06-11 SELL 6 at 170.0 55672157
INFO:root:2020-06-16 SELL SL at 197.77 67130936
INFO:root:Total Profit: 9.16
INFO:root:Total Loss: 38.44
INFO:root:Net Profit: -210.74
INFO:root:BAC
INFO:root:2011-08-25 BUY 131 at 7.65 433450786
INFO:root:2011-09-06 BUY SL at 6.99 386319400
INFO:root:2011-11-01 SELL 156 at 6.4 276016636
INFO:root:2011-11-03 SELL SL at 6.91 277980293
INFO:root:2012-02-14 SELL 125 at 7.98 300750836
INFO:root:2012-02-16 TP at 7.66 315983721
INFO:root:2016-06-29 BUY 76 at 13.19 114499214
INFO:root:2016-07-05 BUY SL at 12.74 119133500
INFO:root:2020-05-01 SELL 43 at 23.08 70303893
INFO:root:2020-05-13 TP at 20.72 60981250
INFO:root:2020-11-04 SELL 42 at 23.68 61017157
INFO:root:2020-11-05 SELL SL at 24.61 62186079
INFO:root:2022-07-15 BUY 31 at 32.25 44042964
INFO:root:2022-08-05 TP at 34.33 34643950
INFO:root:Total Profit: 4.76
INFO:root:Total Loss: 2.55
INFO:root:Net Profit: -33.32
INFO:root:BALL
INFO:root:Total Profit: 0
INFO:root:Total Loss: 0
INFO:root:Net Profit: 0
INFO:root:BAX
INFO:root:Total Profit: 0
INFO:root:Total Loss: 0
INFO:root:Net Profit: 0
INFO:root:BBY
INFO:root:2012-12-14 SELL 83 at 12.05 15253229
INFO:root:2013-01-11 SELL SL at 14.21 9185086
INFO:root:2015-08-25 BUY 30 at 32.95 5237079
INFO:root:2015-09-08 TP at 37.75 7258771
INFO:root:2016-08-23 BUY 25 at 39.23 7669800
INFO:root:2016-11-17 TP at 46.72 7865471
INFO:root:2017-08-29 SELL 18 at 55.02 5392671
INFO:root:2017-12-04 SELL SL at 62.55 5369286
INFO:root:2022-11-22 BUY 13 at 79.88 3805657
INFO:root:2022-11-30 TP at 85.65 4677079
INFO:root:2024-11-26 SELL 11 at 88.48 4067921
INFO:root:Total Profit: 18.06
INFO:root:Total Loss: 9.69
INFO:root:Net Profit: 91.44
INFO:root:BDX
INFO:root:Total Profit: 0
INFO:root:Total Loss: 0
INFO:root:Net Profit: 0
INFO:root:BEN
INFO:root:2011-11-01 SELL 30 at 33.33 5691514
INFO:root:2011-11-03 SELL SL at 35.61 5473286
INFO:root:2012-01-11 SELL 31 at 32.22 3209871
INFO:root:2012-01-19 SELL SL at 33.77 3487371
INFO:root:2020-02-24 SELL 41 at 24.19 5344836
INFO:root:2020-02-28 TP at 21.36 6642393
INFO:root:2020-06-11 SELL 48 at 20.85 4067421
INFO:root:2020-06-16 SELL SL at 22.49 4156679
INFO:root:2022-03-10 SELL 37 at 27.23 3078650
INFO:root:2022-03-29 SELL SL at 28.98 3382743
INFO:root:2022-06-29 SELL 43 at 23.27 3044393
INFO:root:2022-07-19 SELL SL at 25.37 3196100
INFO:root:Total Profit: 2.83
INFO:root:Total Loss: 9.32
INFO:root:Net Profit: -234.19
INFO:root:BF.B
ERROR:yfinance:
1 Failed download:
ERROR:yfinance:['BF.B']: YFPricesMissingError('$%ticker%: possibly delisted; no price data found  (1d 2010-01-01 00:00:00 -> 2025-01-09)')
INFO:root:Total Profit: 0
INFO:root:Total Loss: 0
INFO:root:Net Profit: 0
INFO:root:BG
INFO:root:2011-09-09 SELL 16 at 62.52 929821
INFO:root:2011-09-16 SELL SL at 64.16 881364
INFO:root:2020-04-21 SELL 28 at 36.13 1443007
INFO:root:2020-04-23 SELL SL at 39.13 1400714
INFO:root:Total Profit: 0
INFO:root:Total Loss: 4.64
INFO:root:Net Profit: -110.24
INFO:root:BIIB
INFO:root:2018-07-26 SELL 3 at 344.74 2493414
INFO:root:2018-07-30 TP at 330.96 2317421
INFO:root:Total Profit: 13.78
INFO:root:Total Loss: 0
INFO:root:Net Profit: 41.34
INFO:root:BK
INFO:root:2011-09-07 BUY 48 at 20.72 15575086
INFO:root:2011-09-21 BUY SL at 19.12 15396950
INFO:root:2011-09-27 BUY 52 at 19.27 14753264
INFO:root:2011-09-28 BUY SL at 18.83 14750293
INFO:root:2016-06-24 SELL 26 at 37.99 5320357
INFO:root:2016-06-27 TP at 35.72 5721079
INFO:root:2019-02-14 SELL 19 at 51.77 4104493
INFO:root:2019-02-15 SELL SL at 52.99 4029500
INFO:root:2019-04-17 SELL 21 at 48.35 5177800
INFO:root:2019-05-23 TP at 45.0 3797450
INFO:root:2020-04-16 BUY 28 at 36.14 6776643
INFO:root:2020-05-05 BUY SL at 35.14 5508143
INFO:root:2020-11-03 BUY 28 at 35.99 5401257
INFO:root:2020-11-04 BUY SL at 34.7 5370007
INFO:root:Total Profit: 5.62
INFO:root:Total Loss: 5.55
INFO:root:Net Profit: -57.61
INFO:root:BKNG
INFO:root:2010-05-11 SELL 5 at 219.57 1740100
INFO:root:2010-05-17 TP at 196.01 2016350
INFO:root:2014-11-04 SELL 1 at 1097.7 930550
INFO:root:2014-11-14 SELL SL at 1172.96 1031386
INFO:root:2019-08-08 BUY 1 at 1941.01 345036
INFO:root:2019-08-13 TP at 1963.9 370493
INFO:root:2022-09-13 SELL 1 at 1920.8 381629
INFO:root:2022-09-14 TP at 1897.12 386907
INFO:root:2023-08-04 BUY 0 at 3063.16 373671
INFO:root:2023-08-07 TP at 3246.79 388250
INFO:root:2024-02-23 SELL 0 at 3505.96 339793
INFO:root:2024-05-09 SELL SL at 3780.03 265657
INFO:root:Total Profit: 253.76
INFO:root:Total Loss: 349.33
INFO:root:Net Profit: 89.11
INFO:root:BKR
INFO:root:2010-08-03 SELL 23 at 43.66 6711800
INFO:root:2010-08-20 TP at 38.37 8234500
INFO:root:2011-11-01 SELL 19 at 53.54 7362107
INFO:root:2011-11-08 SELL SL at 59.38 6926000
INFO:root:Total Profit: 5.29
INFO:root:Total Loss: 5.84
INFO:root:Net Profit: 10.71
INFO:root:BLDR
INFO:root:2020-05-01 SELL 58 at 17.24 1444264
INFO:root:2020-05-18 SELL SL at 18.88 1411207
INFO:root:2024-05-07 SELL 6 at 162.62 1780164
INFO:root:2024-06-03 TP at 151.56 2093807
INFO:root:Total Profit: 11.06
INFO:root:Total Loss: 1.64
INFO:root:Net Profit: -28.76
INFO:root:BLK
INFO:root:2011-07-08 SELL 5 at 195.45 599150
INFO:root:2011-07-11 TP at 185.82 629743
INFO:root:2011-09-07 BUY 6 at 158.91 948064
INFO:root:2011-09-09 BUY SL at 151.07 916921
INFO:root:2011-11-01 SELL 7 at 150.0 1165264
INFO:root:2011-11-03 SELL SL at 159.26 1130536
INFO:root:2014-03-04 BUY 3 at 307.22 663093
INFO:root:2014-03-07 TP at 314.24 674779
INFO:root:2016-06-24 SELL 3 at 332.51 612236
INFO:root:2016-06-27 TP at 317.6 665500
INFO:root:Total Profit: 31.56
INFO:root:Total Loss: 17.1
INFO:root:Net Profit: 2.08
INFO:root:BMY
INFO:root:2016-02-16 BUY 16 at 62.18 8890093
INFO:root:2016-03-02 TP at 65.09 6082871
INFO:root:Total Profit: 2.91
INFO:root:Total Loss: 0
INFO:root:Net Profit: 46.56
INFO:root:BR
INFO:root:Total Profit: 0
INFO:root:Total Loss: 0
INFO:root:Net Profit: 0
INFO:root:BRK.B
ERROR:yfinance:
1 Failed download:
ERROR:yfinance:['BRK.B']: YFTzMissingError('$%ticker%: possibly delisted; no timezone found')
INFO:root:Total Profit: 0
INFO:root:Total Loss: 0
INFO:root:Net Profit: 0
INFO:root:BRO
INFO:root:2015-09-08 BUY 63 at 15.91 1538086
INFO:root:2015-09-16 TP at 16.24 1171843
INFO:root:2022-10-25 SELL 18 at 55.1 1801379
INFO:root:2023-04-25 SELL SL at 63.01 1818443
INFO:root:Total Profit: 0.33
INFO:root:Total Loss: 7.91
INFO:root:Net Profit: -121.59
INFO:root:BSX
INFO:root:2015-09-01 SELL 62 at 16.09 8738514
INFO:root:2015-09-08 SELL SL at 16.95 9064364
INFO:root:Total Profit: 0
INFO:root:Total Loss: 0.86
INFO:root:Net Profit: -53.32
INFO:root:BWA
INFO:root:2014-10-31 BUY 20 at 50.19 2932446
INFO:root:2014-12-10 BUY SL at 47.02 1650746
INFO:root:2019-09-04 BUY 34 at 29.23 1657294
INFO:root:2019-09-05 TP at 31.13 1711944
INFO:root:2020-06-11 SELL 35 at 28.75 4355692
INFO:root:2020-06-23 SELL SL at 31.18 4045726
INFO:root:2022-09-13 SELL 30 at 33.4 1999263
INFO:root:2022-09-14 TP at 32.33 2163058
INFO:root:2024-08-02 SELL 30 at 33.04 3134543
INFO:root:2024-08-23 SELL SL at 33.99 2260736
INFO:root:Total Profit: 2.97
INFO:root:Total Loss: 6.55
INFO:root:Net Profit: -80.25
INFO:root:BX
INFO:root:2011-09-07 BUY 76 at 13.1 4482443
INFO:root:2011-09-09 BUY SL at 12.21 3984007
INFO:root:2011-11-01 SELL 72 at 13.8 4311514
INFO:root:2011-11-08 SELL SL at 14.64 4442029
INFO:root:2011-11-09 SELL 75 at 13.39 4444036
INFO:root:2011-11-23 TP at 12.46 3017893
INFO:root:2011-11-28 BUY 77 at 12.98 2997450
INFO:root:2011-11-29 BUY SL at 12.72 2811036
INFO:root:2020-04-06 BUY 21 at 46.57 9887271
INFO:root:2020-04-07 TP at 52.69 9334021
INFO:root:2021-12-08 SELL 7 at 135.34 4537907
INFO:root:2021-12-14 TP at 123.32 4900900
INFO:root:2023-06-05 SELL 12 at 85.52 4532121
INFO:root:2023-06-08 SELL SL at 88.66 4492679
INFO:root:Total Profit: 19.07
INFO:root:Total Loss: 5.13
INFO:root:Net Profit: 96.59
INFO:root:BXP
INFO:root:2020-05-18 BUY 12 at 80.93 2033279
INFO:root:2020-05-19 BUY SL at 77.82 2064686
INFO:root:2020-06-11 SELL 11 at 92.59 2060986
INFO:root:2020-06-26 TP at 87.03 1864000
INFO:root:Total Profit: 5.56
INFO:root:Total Loss: 3.11
INFO:root:Net Profit: 23.84
INFO:root:C
INFO:root:2011-09-07 BUY 35 at 28.98 51021886
INFO:root:2011-09-09 BUY SL at 26.74 47381579
INFO:root:2011-09-26 BUY 37 at 26.72 48073186
INFO:root:2011-10-03 BUY SL at 23.11 52169036
INFO:root:2019-06-04 BUY 15 at 65.88 14007914
INFO:root:2019-06-10 TP at 67.98 13852250
INFO:root:2021-11-26 SELL 15 at 65.5 18714771
INFO:root:2021-12-09 TP at 60.85 24511057
INFO:root:Total Profit: 6.75
INFO:root:Total Loss: 5.85
INFO:root:Net Profit: -110.72
INFO:root:CAG
INFO:root:Total Profit: 0
INFO:root:Total Loss: 0
INFO:root:Net Profit: 0
INFO:root:CAH
INFO:root:2011-09-09 SELL 25 at 40.18 2647086
INFO:root:2011-09-14 SELL SL at 41.58 2776136
INFO:root:2020-11-17 SELL 18 at 54.68 2700400
INFO:root:2021-03-18 SELL SL at 58.28 1957229
INFO:root:2024-02-01 SELL 10 at 105.1 2240814
INFO:root:2024-02-23 SELL SL at 108.09 1955100
INFO:root:Total Profit: 0
INFO:root:Total Loss: 7.99
INFO:root:Net Profit: -129.7
INFO:root:CARR
INFO:root:Total Profit: 0
INFO:root:Total Loss: 0
INFO:root:Net Profit: 0
INFO:root:CAT
INFO:root:2011-07-08 SELL 9 at 110.41 8222029
INFO:root:2011-07-21 SELL SL at 111.6 7403936
INFO:root:2011-11-01 SELL 11 at 91.63 10787371
INFO:root:2011-11-02 SELL SL at 93.94 10883864
INFO:root:2018-11-09 SELL 8 at 126.91 9910014
INFO:root:2018-11-30 SELL SL at 135.67 5567850
INFO:root:2019-01-28 SELL 8 at 124.37 5416729
INFO:root:2019-02-15 SELL SL at 136.2 4609443
INFO:root:2020-06-11 SELL 8 at 121.55 3913029
INFO:root:2020-07-13 SELL SL at 130.57 2817029
INFO:root:2021-12-22 BUY 5 at 202.15 2923207
INFO:root:2022-01-04 TP at 218.92 2703164
INFO:root:Total Profit: 16.77
INFO:root:Total Loss: 33.11
INFO:root:Net Profit: -189.15
INFO:root:CB
INFO:root:2011-09-07 BUY 16 at 64.19 2425807
INFO:root:2011-09-09 BUY SL at 61.6 2176771
INFO:root:2020-05-01 SELL 10 at 101.59 3276464
INFO:root:2020-05-06 TP at 95.05 3389786
INFO:root:2020-05-18 BUY 9 at 105.34 3571257
INFO:root:2020-05-21 TP at 113.48 3763164
INFO:root:Total Profit: 14.68
INFO:root:Total Loss: 2.59
INFO:root:Net Profit: 97.22
INFO:root:CBOE
INFO:root:2012-12-20 BUY 36 at 28.16 540736
INFO:root:2012-12-26 BUY SL at 27.15 614321
INFO:root:Total Profit: 0
INFO:root:Total Loss: 1.01
INFO:root:Net Profit: -36.36
INFO:root:CBRE
INFO:root:2020-04-17 BUY 22 at 44.5 2741014
INFO:root:2020-04-20 BUY SL at 41.96 2749843
INFO:root:2020-05-18 BUY 26 at 39.09 2246229
INFO:root:2020-05-27 TP at 45.6 2424193
INFO:root:2020-10-29 BUY 19 at 51.3 1484714
INFO:root:2020-11-09 TP at 62.41 1962964
INFO:root:2022-12-16 SELL 13 at 75.8 1863686
INFO:root:2022-12-29 SELL SL at 77.55 1526750
INFO:root:Total Profit: 17.62
INFO:root:Total Loss: 4.29
INFO:root:Net Profit: 301.72
INFO:root:CCEP
INFO:root:2024-11-15 SELL 13 at 75.76 1365186
INFO:root:2024-12-09 SELL SL at 78.72 1536121
INFO:root:Total Profit: 0
INFO:root:Total Loss: 2.96
INFO:root:Net Profit: -38.48
INFO:root:CCI
INFO:root:Total Profit: 0
INFO:root:Total Loss: 0
INFO:root:Net Profit: 0
INFO:root:CCL
INFO:root:2010-02-04 SELL 30 at 32.9 3893836
INFO:root:2010-02-05 TP at 31.84 3956950
INFO:root:2012-01-17 SELL 34 at 29.6 6122429
INFO:root:2012-06-12 SELL SL at 33.82 4353721
INFO:root:2015-11-25 BUY 20 at 50.99 3920743
INFO:root:2015-11-30 BUY SL at 50.53 3804371
INFO:root:2016-06-24 SELL 22 at 45.65 4536821
INFO:root:2016-09-01 SELL SL at 48.7 3844307
INFO:root:2020-04-14 BUY 80 at 12.51 125650179
INFO:root:2020-04-22 BUY SL at 11.64 105318429
INFO:root:2020-06-11 SELL 57 at 17.44 69035879
INFO:root:2020-06-12 SELL SL at 19.98 71602457
INFO:root:2020-11-12 SELL 67 at 14.93 58897093
INFO:root:2020-11-16 SELL SL at 17.57 73021579
INFO:root:2022-04-06 SELL 53 at 18.93 35686007
INFO:root:2022-04-26 TP at 17.43 30843871
INFO:root:2022-11-16 SELL 104 at 9.63 64989179
INFO:root:2022-12-15 TP at 8.47 49443036
INFO:root:Total Profit: 3.72
INFO:root:Total Loss: 13.78
INFO:root:Net Profit: -379.1
INFO:root:CDNS
INFO:root:Total Profit: 0
INFO:root:Total Loss: 0
INFO:root:Net Profit: 0
INFO:root:CDW
INFO:root:Total Profit: 0
INFO:root:Total Loss: 0
INFO:root:Net Profit: 0
INFO:root:CE
INFO:root:2011-09-27 BUY 25 at 39.41 2162900
INFO:root:2011-09-28 BUY SL at 36.39 2225700
INFO:root:2011-11-01 SELL 24 at 41.09 2641579
INFO:root:2011-11-03 SELL SL at 43.91 2564243
INFO:root:2020-02-05 BUY 9 at 109.86 975664
INFO:root:2020-02-10 BUY SL at 107.57 925843
INFO:root:2020-05-11 SELL 12 at 80.01 877814
INFO:root:2020-05-13 TP at 73.16 887614
INFO:root:2022-09-13 SELL 9 at 109.29 912314
INFO:root:2022-09-16 TP at 100.11 1178143
INFO:root:Total Profit: 16.03
INFO:root:Total Loss: 8.13
INFO:root:Net Profit: 1.03
INFO:root:CEG
INFO:root:2024-08-02 SELL 6 at 167.08 4317086
INFO:root:2024-08-05 TP at 155.6 4415743
INFO:root:Total Profit: 11.48
INFO:root:Total Loss: 0
INFO:root:Net Profit: 68.88
INFO:root:CF
INFO:root:2022-03-30 BUY 10 at 101.01 5025686
INFO:root:2022-04-01 BUY SL at 99.79 5086307
INFO:root:Total Profit: 0
INFO:root:Total Loss: 1.22
INFO:root:Net Profit: -12.2
INFO:root:CFG
INFO:root:2019-09-05 BUY 29 at 34.2 3735329
INFO:root:2019-09-09 TP at 35.82 3735364
INFO:root:2020-11-04 SELL 37 at 26.72 4664414
INFO:root:2020-11-05 SELL SL at 28.91 4653786
INFO:root:2021-12-21 BUY 22 at 45.83 4460914
INFO:root:2022-01-03 TP at 49.55 3651643
INFO:root:Total Profit: 5.34
INFO:root:Total Loss: 2.19
INFO:root:Net Profit: 47.79
INFO:root:CHD
INFO:root:Total Profit: 0
INFO:root:Total Loss: 0
INFO:root:Net Profit: 0
INFO:root:CHRW
INFO:root:2011-09-02 SELL 15 at 66.99 1281186
INFO:root:2011-09-14 SELL SL at 69.09 1309393
INFO:root:Total Profit: 0
INFO:root:Total Loss: 2.1
INFO:root:Net Profit: -31.5
INFO:root:CHTR
INFO:root:2010-04-22 BUY 28 at 36.0 31443
INFO:root:2010-04-26 TP at 36.5 28557
INFO:root:2010-09-02 SELL 30 at 33.8 25679
INFO:root:2010-09-09 SELL SL at 34.2 14029
INFO:root:2016-05-18 BUY 4 at 227.41 5818671
INFO:root:2016-05-20 TP at 233.7 6103557
INFO:root:Total Profit: 6.79
INFO:root:Total Loss: 0.4
INFO:root:Net Profit: 27.16
INFO:root:CI
INFO:root:Total Profit: 0
INFO:root:Total Loss: 0
INFO:root:Net Profit: 0
INFO:root:CINF
INFO:root:2011-09-07 BUY 36 at 27.81 1514593
INFO:root:2011-09-21 BUY SL at 25.91 1881871
INFO:root:2020-06-11 SELL 17 at 58.66 1474579
INFO:root:2020-07-06 SELL SL at 68.06 1766557
INFO:root:2022-02-25 BUY 8 at 124.94 833514
INFO:root:2022-03-08 BUY SL at 119.32 782221
INFO:root:Total Profit: 0
INFO:root:Total Loss: 16.92
INFO:root:Net Profit: -273.16
INFO:root:CL
INFO:root:Total Profit: 0
INFO:root:Total Loss: 0
INFO:root:Net Profit: 0
INFO:root:CLX
INFO:root:2011-10-24 SELL 15 at 67.8 920536
INFO:root:2011-10-28 TP at 65.92 998571
INFO:root:Total Profit: 1.88
INFO:root:Total Loss: 0
INFO:root:Net Profit: 28.2
INFO:root:CMCSA
INFO:root:2021-10-08 SELL 18 at 54.7 16564429
INFO:root:2021-10-11 TP at 52.17 17867064
INFO:root:Total Profit: 2.53
INFO:root:Total Loss: 0
INFO:root:Net Profit: 45.54
INFO:root:CME
INFO:root:2020-06-11 SELL 6 at 174.18 2269293
INFO:root:2020-06-24 TP at 165.93 2328814
INFO:root:Total Profit: 8.25
INFO:root:Total Loss: 0
INFO:root:Net Profit: 49.5
INFO:root:CMG
INFO:root:2018-07-31 SELL 115 at 8.67 45194286
INFO:root:2018-08-06 SELL SL at 9.51 55074643
INFO:root:Total Profit: 0
INFO:root:Total Loss: 0.84
INFO:root:Net Profit: -96.6
INFO:root:CMI
INFO:root:2011-07-08 SELL 9 at 106.77 3238193
INFO:root:2011-07-18 TP at 101.8 2994714
INFO:root:2011-09-27 BUY 11 at 91.91 4525243
INFO:root:2011-09-28 BUY SL at 86.95 4528400
INFO:root:2011-10-25 SELL 11 at 93.81 3984993
INFO:root:2011-10-27 SELL SL at 101.71 4243436
INFO:root:2011-11-01 SELL 10 at 96.03 4180950
INFO:root:2011-11-02 SELL SL at 98.77 4224407
INFO:root:2012-03-26 BUY 8 at 123.91 2626643
INFO:root:2012-03-28 BUY SL at 117.98 2658550
INFO:root:2019-01-28 SELL 7 at 142.82 1453814
INFO:root:2019-01-29 SELL SL at 146.38 1436736
INFO:root:2019-05-23 SELL 6 at 159.25 1119207
INFO:root:2019-05-31 TP at 150.48 1183864
INFO:root:Total Profit: 13.74
INFO:root:Total Loss: 25.09
INFO:root:Net Profit: -143.87
INFO:root:CMS
INFO:root:Total Profit: 0
INFO:root:Total Loss: 0
INFO:root:Net Profit: 0
INFO:root:CNC
INFO:root:2012-04-23 SELL 89 at 11.22 4056571
INFO:root:2012-04-24 TP at 10.21 4675743
INFO:root:2012-06-08 BUY 113 at 8.87 4957486
INFO:root:2012-06-11 BUY SL at 6.89 8634371
INFO:root:2012-07-23 SELL 115 at 8.66 5455714
INFO:root:2012-07-24 SELL SL at 9.19 6512200
INFO:root:2014-07-25 SELL 54 at 18.55 4069486
INFO:root:2014-09-08 SELL SL at 19.73 4559829
INFO:root:2023-07-19 BUY 15 at 68.49 3352507
INFO:root:2023-07-28 BUY SL at 66.18 3959529
INFO:root:2024-10-28 SELL 16 at 61.65 7335486
INFO:root:2024-11-05 SELL SL at 64.8 8270657
INFO:root:Total Profit: 1.01
INFO:root:Total Loss: 9.15
INFO:root:Net Profit: -343.57
INFO:root:CNP
INFO:root:Total Profit: 0
INFO:root:Total Loss: 0
INFO:root:Net Profit: 0
INFO:root:COF
INFO:root:2011-11-01 SELL 23 at 43.77 6774471
INFO:root:2011-11-03 SELL SL at 46.74 7113021
INFO:root:2016-11-08 SELL 14 at 72.84 4190650
INFO:root:2016-11-09 SELL SL at 76.3 4815943
INFO:root:2019-01-23 SELL 13 at 78.2 3348307
INFO:root:2019-02-19 SELL SL at 82.2 2744393
INFO:root:2021-06-21 BUY 6 at 154.89 3637764
INFO:root:2021-08-10 TP at 171.29 2830179
INFO:root:Total Profit: 16.4
INFO:root:Total Loss: 10.43
INFO:root:Net Profit: -70.35
INFO:root:COO
INFO:root:2020-06-16 BUY 13 at 75.03 1707914
INFO:root:2020-06-24 BUY SL at 70.35 1837800
INFO:root:Total Profit: 0
INFO:root:Total Loss: 4.68
INFO:root:Net Profit: -60.84
INFO:root:COP
INFO:root:2012-07-06 SELL 18 at 54.75 10334657
INFO:root:2012-07-16 SELL SL at 55.46 9513793
INFO:root:2016-11-30 BUY 21 at 48.52 9125729
INFO:root:2016-12-12 TP at 53.1 8579836
INFO:root:2020-06-11 SELL 24 at 42.12 7595307
INFO:root:2020-07-30 TP at 35.9 6419464
INFO:root:2021-08-23 BUY 18 at 54.79 6902986
INFO:root:2021-08-27 TP at 57.12 6865600
INFO:root:Total Profit: 13.13
INFO:root:Total Loss: 0.71
INFO:root:Net Profit: 274.62
INFO:root:COR
INFO:root:2022-02-25 BUY 7 at 141.92 1369843
INFO:root:2022-03-04 TP at 147.51 1153150
INFO:root:Total Profit: 5.59
INFO:root:Total Loss: 0
INFO:root:Net Profit: 39.13
INFO:root:COST
INFO:root:2020-03-02 BUY 3 at 309.14 2736414
INFO:root:2020-03-04 TP at 320.97 3159171
INFO:root:Total Profit: 11.83
INFO:root:Total Loss: 0
INFO:root:Net Profit: 35.49
INFO:root:CPAY
INFO:root:2014-03-05 SELL 8 at 125.85 1169350
INFO:root:2014-03-12 TP at 118.31 1194157
INFO:root:2019-08-07 BUY 3 at 291.33 562343
INFO:root:2019-08-19 TP at 298.36 571029
INFO:root:2022-09-13 SELL 5 at 212.04 513571
INFO:root:2022-09-15 TP at 204.46 517271
INFO:root:Total Profit: 22.15
INFO:root:Total Loss: 0
INFO:root:Net Profit: 119.31
INFO:root:CPB
INFO:root:Total Profit: 0
INFO:root:Total Loss: 0
INFO:root:Net Profit: 0
INFO:root:CPRT
INFO:root:Total Profit: 0
INFO:root:Total Loss: 0
INFO:root:Net Profit: 0
INFO:root:CPT
INFO:root:2016-09-22 BUY 12 at 85.89 844021
INFO:root:2016-09-30 BUY SL at 83.74 906114
INFO:root:2020-09-29 SELL 11 at 89.42 866329
INFO:root:2020-10-01 SELL SL at 91.99 861936
INFO:root:Total Profit: 0
INFO:root:Total Loss: 4.72
INFO:root:Net Profit: -54.07
INFO:root:CRL
INFO:root:2020-04-06 BUY 8 at 132.81 601957
INFO:root:2020-04-08 TP at 142.49 549343
INFO:root:2020-04-21 SELL 7 at 135.06 447907
INFO:root:2020-04-29 SELL SL at 145.96 328657
INFO:root:Total Profit: 9.68
INFO:root:Total Loss: 10.9
INFO:root:Net Profit: 1.14
INFO:root:CRM
INFO:root:2011-09-27 BUY 32 at 31.19 12663857
INFO:root:2011-09-28 BUY SL at 30.2 12693657
INFO:root:2016-10-06 BUY 14 at 71.26 11757079
INFO:root:2016-10-14 TP at 76.16 13796864
INFO:root:Total Profit: 4.9
INFO:root:Total Loss: 0.99
INFO:root:Net Profit: 36.92
INFO:root:CRWD
INFO:root:2020-12-03 BUY 6 at 161.19 4469593
INFO:root:2020-12-07 TP at 172.69 4949857
INFO:root:2022-12-01 BUY 8 at 124.07 7204957
INFO:root:2022-12-06 BUY SL at 113.83 7757929
INFO:root:2024-02-22 BUY 3 at 310.91 3624421
INFO:root:2024-03-06 TP at 365.0 6106700
INFO:root:Total Profit: 65.59
INFO:root:Total Loss: 10.24
INFO:root:Net Profit: 149.35
INFO:root:CSCO
INFO:root:2010-11-11 SELL 49 at 20.52 84978450
INFO:root:2011-03-07 TP at 18.03 73508743
INFO:root:2017-05-18 SELL 32 at 31.38 23912329
INFO:root:2017-10-03 SELL SL at 33.85 20503664
INFO:root:Total Profit: 2.49
INFO:root:Total Loss: 2.47
INFO:root:Net Profit: 42.97
INFO:root:CSGP
INFO:root:2011-09-27 BUY 185 at 5.4 1519571
INFO:root:2011-09-28 BUY SL at 5.14 1514571
INFO:root:2020-11-10 SELL 11 at 88.61 1975000
INFO:root:2020-11-13 SELL SL at 91.71 1846143
INFO:root:Total Profit: 0
INFO:root:Total Loss: 3.36
INFO:root:Net Profit: -82.2
INFO:root:CSX
INFO:root:2011-11-01 SELL 140 at 7.16 31487486
INFO:root:2011-11-11 SELL SL at 7.5 30191957
INFO:root:2017-01-19 BUY 66 at 15.17 49607786
INFO:root:2017-03-07 TP at 16.77 32385407
INFO:root:2020-04-17 BUY 48 at 20.92 14890200
INFO:root:2020-04-20 BUY SL at 20.33 14840443
INFO:root:Total Profit: 1.6
INFO:root:Total Loss: 0.93
INFO:root:Net Profit: 29.68
INFO:root:CTAS
INFO:root:2011-09-07 BUY 128 at 7.81 4243143
INFO:root:2011-09-09 BUY SL at 7.54 3898743
INFO:root:2020-04-21 SELL 21 at 47.62 3988943
INFO:root:2020-04-22 SELL SL at 49.36 3861800
INFO:root:2020-06-11 SELL 15 at 66.0 2941943
INFO:root:2020-06-18 SELL SL at 68.95 2539600
INFO:root:Total Profit: 0
INFO:root:Total Loss: 4.96
INFO:root:Net Profit: -115.35
INFO:root:CTRA
INFO:root:2010-05-26 BUY 123 at 8.1 9635343
INFO:root:2010-05-28 TP at 8.81 9340114
INFO:root:2012-09-24 SELL 46 at 21.96 5082471
INFO:root:2012-09-27 SELL SL at 22.51 5317386
INFO:root:2017-02-06 BUY 42 at 23.73 7415729
INFO:root:2017-02-27 BUY SL at 22.17 5986364
INFO:root:2022-05-13 BUY 34 at 29.78 9557521
INFO:root:2022-05-24 TP at 32.9 9208979
INFO:root:Total Profit: 3.83
INFO:root:Total Loss: 2.11
INFO:root:Net Profit: 102.59
INFO:root:CTSH
INFO:root:2011-09-07 BUY 31 at 32.12 8944757
INFO:root:2011-09-27 TP at 34.26 6925429
INFO:root:2011-11-01 SELL 28 at 35.46 5332800
INFO:root:2011-11-21 TP at 31.85 6424600
INFO:root:2016-06-24 SELL 17 at 58.01 3986543
INFO:root:2016-06-27 TP at 55.17 4324557
INFO:root:2016-11-09 SELL 19 at 53.01 6907136
INFO:root:2016-11-10 SELL SL at 53.81 7276336
INFO:root:2016-11-28 BUY 18 at 56.95 10976171
INFO:root:2017-01-31 BUY SL at 52.59 5030321
INFO:root:2020-04-06 BUY 21 at 48.45 5602657
INFO:root:2020-04-09 TP at 55.25 5334150
INFO:root:2020-06-11 SELL 19 at 53.66 3488157
INFO:root:2020-06-30 SELL SL at 56.82 3279614
INFO:root:2022-11-10 BUY 17 at 57.29 4200179
INFO:root:2023-02-01 TP at 69.29 5696871
INFO:root:Total Profit: 27.39
INFO:root:Total Loss: 8.32
INFO:root:Net Profit: 408.78
INFO:root:CTVA
INFO:root:2020-09-28 BUY 35 at 28.97 4344043
INFO:root:2020-10-07 TP at 31.08 4832221
INFO:root:2021-01-28 BUY 25 at 40.29 3954407
INFO:root:2021-02-05 TP at 44.93 3751271
INFO:root:Total Profit: 6.75
INFO:root:Total Loss: 0
INFO:root:Net Profit: 189.85
INFO:root:CVS
INFO:root:2020-06-11 SELL 16 at 63.16 6983679
INFO:root:2020-09-10 TP at 57.96 8141371
INFO:root:2020-11-17 SELL 15 at 67.14 12974771
INFO:root:2020-12-03 SELL SL at 72.52 10589243
INFO:root:2022-10-25 SELL 11 at 92.22 7182379
INFO:root:2022-10-28 SELL SL at 94.19 6373500
INFO:root:Total Profit: 5.2
INFO:root:Total Loss: 7.35
INFO:root:Net Profit: -19.17
INFO:root:CVX
INFO:root:2011-09-07 BUY 10 at 99.29 10549793
INFO:root:2011-09-09 BUY SL at 95.19 10150771
INFO:root:2011-09-27 BUY 11 at 93.54 11485164
INFO:root:2011-10-03 BUY SL at 89.88 11179821
INFO:root:2015-12-28 SELL 11 at 90.36 13145521
INFO:root:2016-01-06 TP at 85.16 10678950
INFO:root:2016-11-30 BUY 9 at 111.56 7961993
INFO:root:2016-12-08 TP at 115.4 7390821
INFO:root:2019-09-04 BUY 9 at 117.25 5190979
INFO:root:2019-09-10 TP at 123.29 5165479
INFO:root:2020-06-11 SELL 11 at 89.37 10180179
INFO:root:2020-07-09 TP at 82.69 8067693
INFO:root:2021-08-23 BUY 10 at 96.73 9685979
INFO:root:2021-09-20 BUY SL at 94.78 12124836
INFO:root:2022-03-21 BUY 6 at 164.64 29272571
INFO:root:2022-04-18 TP at 174.54 9619321
INFO:root:Total Profit: 31.66
INFO:root:Total Loss: 9.71
INFO:root:Net Profit: 178.24
INFO:root:CZR
INFO:root:2021-05-05 BUY 10 at 102.98 3144300
INFO:root:2021-05-12 BUY SL at 92.41 3408164
INFO:root:2022-09-13 SELL 22 at 45.58 2738171
INFO:root:2022-09-21 TP at 41.52 3358829
INFO:root:2022-12-14 SELL 20 at 49.69 2635464
INFO:root:2022-12-20 TP at 44.5 2852729
INFO:root:Total Profit: 9.25
INFO:root:Total Loss: 10.57
INFO:root:Net Profit: 87.42
INFO:root:D
INFO:root:Total Profit: 0
INFO:root:Total Loss: 0
INFO:root:Net Profit: 0
INFO:root:DAL
INFO:root:2024-01-12 SELL 26 at 38.47 11198121
INFO:root:2024-02-22 SELL SL at 42.12 7921693
INFO:root:Total Profit: 0
INFO:root:Total Loss: 3.65
INFO:root:Net Profit: -94.9
INFO:root:DASH
INFO:root:2023-02-10 SELL 17 at 57.72 4557557
INFO:root:2023-02-14 SELL SL at 61.61 4766307
INFO:root:2024-02-22 BUY 8 at 121.41 5746757
INFO:root:2024-03-04 TP at 134.43 5739114
INFO:root:Total Profit: 13.02
INFO:root:Total Loss: 3.89
INFO:root:Net Profit: 38.03
INFO:root:DAY
INFO:root:Total Profit: 0
INFO:root:Total Loss: 0
INFO:root:Net Profit: 0
INFO:root:DD
INFO:root:2010-08-03 SELL 28 at 36.29 8383969
INFO:root:2010-08-24 TP at 32.81 7039139
INFO:root:2011-09-07 BUY 26 at 38.53 8494605
INFO:root:2011-09-09 BUY SL at 36.68 8037950
INFO:root:2011-11-01 SELL 26 at 38.91 9476504
INFO:root:2011-11-02 SELL SL at 39.85 9528065
INFO:root:2012-10-24 BUY 24 at 42.53 6747577
INFO:root:2012-11-12 BUY SL at 40.98 6539514
INFO:root:2015-12-11 SELL 13 at 75.96 10931102
INFO:root:2016-01-07 TP at 65.8 7233741
INFO:root:2019-06-03 BUY 13 at 76.1 7277906
INFO:root:2019-08-26 BUY SL at 64.26 3561071
INFO:root:Total Profit: 13.64
INFO:root:Total Loss: 16.18
INFO:root:Net Profit: -34.14
INFO:root:DDOG
INFO:root:2021-12-14 SELL 6 at 160.78 3935743
INFO:root:2021-12-15 SELL SL at 171.02 3995829
INFO:root:2023-02-03 SELL 13 at 79.46 5621571
INFO:root:2023-02-14 SELL SL at 85.48 5646500
INFO:root:2023-07-26 SELL 9 at 110.64 4548629
INFO:root:2023-07-31 SELL SL at 116.72 4263007
INFO:root:Total Profit: 0
INFO:root:Total Loss: 22.34
INFO:root:Net Profit: -194.42
INFO:root:DE
INFO:root:2011-04-20 BUY 11 at 93.89 3740471
INFO:root:2011-04-26 TP at 97.78 3537350
INFO:root:2011-11-01 SELL 14 at 73.7 5177243
INFO:root:2011-11-15 SELL SL at 76.33 4434693
INFO:root:2011-11-23 BUY 13 at 74.72 4673500
INFO:root:2011-11-30 TP at 79.3 4754757
INFO:root:2019-09-03 SELL 7 at 150.82 2062993
INFO:root:2019-09-05 SELL SL at 156.3 1908100
INFO:root:2021-11-24 BUY 3 at 367.86 1631757
INFO:root:2021-11-29 BUY SL at 348.09 1792279
INFO:root:2022-05-27 BUY 3 at 360.73 2400886
INFO:root:2022-06-09 BUY SL at 345.33 2298200
INFO:root:Total Profit: 8.47
INFO:root:Total Loss: 43.28
INFO:root:Net Profit: -78.36
INFO:root:DECK
INFO:root:2015-10-30 BUY 108 at 9.28 6855857
INFO:root:2015-11-10 BUY SL at 8.74 8088943
INFO:root:2021-02-02 BUY 19 at 52.0 2328729
INFO:root:2021-02-22 TP at 56.76 1947857
INFO:root:2024-08-02 SELL 7 at 144.22 2751429
INFO:root:2024-08-12 SELL SL at 153.05 2748514
INFO:root:Total Profit: 4.76
INFO:root:Total Loss: 9.37
INFO:root:Net Profit: -29.69
INFO:root:DELL
INFO:root:2019-08-30 BUY 38 at 26.12 6871691
INFO:root:2019-12-02 BUY SL at 24.19 5677815
INFO:root:2020-05-08 BUY 45 at 22.12 4002752
INFO:root:2020-05-13 BUY SL at 20.8 3591269
INFO:root:2023-05-25 BUY 21 at 48.08 3564193
INFO:root:2023-05-31 BUY SL at 44.81 4244743
INFO:root:2024-05-31 SELL 7 at 139.56 18173721
INFO:root:2024-07-17 TP at 124.67 11101200
INFO:root:Total Profit: 14.89
INFO:root:Total Loss: 6.52
INFO:root:Net Profit: -97.18
INFO:root:DFS
INFO:root:2011-09-07 BUY 40 at 24.81 6707529
INFO:root:2011-09-14 TP at 26.09 6185121
INFO:root:2016-02-16 BUY 22 at 45.67 6170193
INFO:root:2016-03-03 TP at 48.85 2957479
INFO:root:2020-04-01 SELL 32 at 31.53 6883907
INFO:root:2020-04-08 SELL SL at 37.22 6525893
INFO:root:2020-04-15 SELL 30 at 32.98 5741221
INFO:root:2020-04-17 SELL SL at 35.04 5650586
INFO:root:2020-05-01 SELL 24 at 41.37 6233300
INFO:root:2020-05-08 SELL SL at 42.72 5867979
INFO:root:2022-02-25 BUY 8 at 124.01 1631357
INFO:root:2022-03-01 BUY SL at 113.89 1794607
INFO:root:2022-07-21 SELL 10 at 100.0 2028000
INFO:root:2022-08-10 SELL SL at 107.98 1676079
INFO:root:2022-10-07 SELL 11 at 93.4 1371814
INFO:root:2022-10-18 SELL SL at 96.29 1898221
INFO:root:2022-12-22 SELL 10 at 96.86 2235621
INFO:root:2022-12-23 SELL SL at 97.6 2199021
INFO:root:Total Profit: 4.46
INFO:root:Total Loss: 30.83
INFO:root:Net Profit: -355.07
INFO:root:DG
INFO:root:Total Profit: 0
INFO:root:Total Loss: 0
INFO:root:Net Profit: 0
INFO:root:DGX
INFO:root:Total Profit: 0
INFO:root:Total Loss: 0
INFO:root:Net Profit: 0
INFO:root:DHI
INFO:root:2022-02-09 BUY 11 at 88.75 4377836
INFO:root:2022-02-10 BUY SL at 85.03 4441000
INFO:root:Total Profit: 0
INFO:root:Total Loss: 3.72
INFO:root:Net Profit: -40.92
INFO:root:DHR
INFO:root:2011-09-27 BUY 34 at 29.74 8055335
INFO:root:2011-09-28 BUY SL at 28.74 8025185
INFO:root:2022-10-19 SELL 4 at 228.63 2796481
INFO:root:2022-10-20 TP at 214.17 3190741
INFO:root:Total Profit: 14.46
INFO:root:Total Loss: 1.0
INFO:root:Net Profit: 23.84
INFO:root:DIA
INFO:root:2011-09-02 SELL 9 at 112.28 10943064
INFO:root:2011-09-07 SELL SL at 113.94 10797036
INFO:root:2011-09-09 SELL 9 at 109.82 9813414
INFO:root:2011-09-15 SELL SL at 114.26 9944914
INFO:root:2011-11-01 SELL 9 at 116.38 10212279
INFO:root:2011-11-03 SELL SL at 120.19 10845257
INFO:root:2015-09-08 BUY 6 at 164.91 13731100
INFO:root:2015-09-17 TP at 169.44 8127986
INFO:root:2015-12-18 SELL 6 at 171.0 8173793
INFO:root:2015-12-23 SELL SL at 175.81 8062086
INFO:root:2020-04-06 BUY 4 at 226.53 11644643
INFO:root:2020-04-07 TP at 236.16 11465207
INFO:root:2020-06-11 SELL 4 at 252.03 5353114
INFO:root:2020-07-22 SELL SL at 269.98 3744664
INFO:root:2020-11-03 BUY 4 at 274.65 3803450
INFO:root:2020-11-04 TP at 283.06 4063336
INFO:root:2021-12-21 BUY 3 at 354.91 6644379
INFO:root:2021-12-27 TP at 362.96 5325136
INFO:root:2022-10-07 SELL 3 at 292.97 3703786
INFO:root:2022-10-13 SELL SL at 300.56 3875029
INFO:root:Total Profit: 30.62
INFO:root:Total Loss: 40.26
INFO:root:Net Profit: -89.13
INFO:root:DIS
INFO:root:2012-07-23 SELL 21 at 47.98 7728964
INFO:root:2012-07-26 SELL SL at 49.71 8445550
INFO:root:2021-11-11 SELL 6 at 162.11 12545086
INFO:root:2021-11-19 TP at 152.77 16975786
INFO:root:2022-11-21 BUY 10 at 97.58 23541664
INFO:root:2022-12-06 BUY SL at 92.29 17328900
INFO:root:Total Profit: 9.34
INFO:root:Total Loss: 7.02
INFO:root:Net Profit: -33.19
INFO:root:DLR
INFO:root:Total Profit: 0
INFO:root:Total Loss: 0
INFO:root:Net Profit: 0
INFO:root:DLTR
INFO:root:2012-06-29 BUY 19 at 53.8 2396329
INFO:root:2012-07-02 BUY SL at 52.13 2550800
INFO:root:2023-11-16 SELL 9 at 113.7 2125193
INFO:root:2023-11-29 SELL SL at 121.12 2456186
INFO:root:Total Profit: 0
INFO:root:Total Loss: 9.09
INFO:root:Net Profit: -98.51
INFO:root:DOC
INFO:root:2010-08-05 SELL 31 at 32.11 3728675
INFO:root:2010-08-24 TP at 30.39 3353896
INFO:root:Total Profit: 1.72
INFO:root:Total Loss: 0
INFO:root:Net Profit: 53.32
INFO:root:DOV
INFO:root:2016-11-30 BUY 17 at 58.65 1752875
INFO:root:2016-12-12 TP at 63.22 1915893
INFO:root:2017-10-20 BUY 13 at 76.7 1406227
INFO:root:2017-12-08 TP at 80.09 1086053
INFO:root:2020-04-17 BUY 11 at 88.49 1236443
INFO:root:2020-04-21 BUY SL at 84.51 1206500
INFO:root:2022-04-21 SELL 7 at 144.16 960579
INFO:root:2022-04-29 TP at 132.69 1284314
INFO:root:Total Profit: 19.43
INFO:root:Total Loss: 3.98
INFO:root:Net Profit: 158.27
INFO:root:DOW
INFO:root:2020-01-29 BUY 20 at 49.67 4335014
INFO:root:2020-01-31 BUY SL at 46.07 4851579
INFO:root:2020-06-11 SELL 25 at 39.26 5515529
INFO:root:2020-07-16 SELL SL at 43.83 4655257
INFO:root:2022-09-13 SELL 21 at 47.87 6700000
INFO:root:2022-09-16 TP at 45.41 7386264
INFO:root:2023-06-02 BUY 19 at 51.61 4704143
INFO:root:2023-06-07 TP at 53.95 5149600
INFO:root:Total Profit: 4.8
INFO:root:Total Loss: 8.17
INFO:root:Net Profit: -90.13
INFO:root:DPZ
INFO:root:2017-11-29 BUY 6 at 179.17 1024900
INFO:root:2017-12-04 TP at 189.83 1094900
INFO:root:Total Profit: 10.66
INFO:root:Total Loss: 0
INFO:root:Net Profit: 63.96
INFO:root:DRI
INFO:root:2011-12-06 SELL 27 at 37.38 3006041
INFO:root:2012-02-03 SELL SL at 43.37 1904528
INFO:root:2020-04-17 BUY 16 at 63.35 4397607
INFO:root:2020-04-27 TP at 72.61 4179186
INFO:root:Total Profit: 9.26
INFO:root:Total Loss: 5.99
INFO:root:Net Profit: -13.57
INFO:root:DTE
INFO:root:Total Profit: 0
INFO:root:Total Loss: 0
INFO:root:Net Profit: 0
INFO:root:DUK
INFO:root:Total Profit: 0
INFO:root:Total Loss: 0
INFO:root:Net Profit: 0
INFO:root:DVA
INFO:root:2011-11-01 SELL 29 at 34.11 2843214
INFO:root:2011-11-02 SELL SL at 35.07 2822143
INFO:root:2018-11-08 SELL 14 at 70.15 2277957
INFO:root:2018-11-15 TP at 62.82 2404057
INFO:root:2018-12-06 SELL 16 at 61.82 1694229
INFO:root:2018-12-18 TP at 54.91 1777957
INFO:root:2022-10-28 SELL 14 at 70.54 961979
INFO:root:2023-05-09 SELL SL at 100.72 740979
INFO:root:Total Profit: 14.24
INFO:root:Total Loss: 31.14
INFO:root:Net Profit: -237.18
INFO:root:DVN
INFO:root:2011-11-01 SELL 16 at 62.41 3595057
INFO:root:2011-11-02 SELL SL at 65.46 3728464
INFO:root:2014-11-05 BUY 16 at 61.62 4956186
INFO:root:2014-11-10 TP at 66.42 5031264
INFO:root:2018-12-06 SELL 36 at 27.75 9218593
INFO:root:2018-12-19 TP at 23.67 9142907
INFO:root:2020-06-11 SELL 82 at 12.2 12979014
INFO:root:2020-07-09 TP at 9.78 9442807
INFO:root:2021-08-23 BUY 37 at 27.26 8881443
INFO:root:2021-08-25 TP at 29.51 8731879
INFO:root:2021-09-22 BUY 33 at 30.44 11781386
INFO:root:2021-09-23 TP at 32.92 12058464
INFO:root:2021-11-29 BUY 23 at 43.92 9601150
INFO:root:2021-11-30 BUY SL at 42.06 10386793
INFO:root:2023-03-21 BUY 20 at 49.06 12992171
INFO:root:2023-03-23 BUY SL at 46.72 12840829
INFO:root:Total Profit: 16.03
INFO:root:Total Loss: 7.25
INFO:root:Net Profit: 448.83
INFO:root:DXCM
INFO:root:2015-08-25 BUY 45 at 22.39 5001057
INFO:root:2015-09-17 TP at 25.82 3951171
INFO:root:Total Profit: 3.43
INFO:root:Total Loss: 0
INFO:root:Net Profit: 154.35
INFO:root:EA
INFO:root:2020-11-06 SELL 8 at 119.19 2986543
INFO:root:2020-11-27 SELL SL at 124.17 3216543
INFO:root:Total Profit: 0
INFO:root:Total Loss: 4.98
INFO:root:Net Profit: -39.84
INFO:root:EBAY
INFO:root:2012-01-04 SELL 79 at 12.69 23291334
INFO:root:2012-01-10 SELL SL at 13.13 21188303
INFO:root:2016-06-24 SELL 43 at 23.13 10460400
INFO:root:2016-07-08 SELL SL at 24.61 10830857
INFO:root:2020-04-06 BUY 32 at 31.18 16931671
INFO:root:2020-04-08 TP at 33.08 15708871
INFO:root:Total Profit: 1.9
INFO:root:Total Loss: 1.92
INFO:root:Net Profit: -37.6
INFO:root:ECL
INFO:root:2020-03-02 BUY 5 at 191.22 1493321
INFO:root:2020-03-04 TP at 204.53 1704914
INFO:root:2020-06-11 SELL 5 at 202.54 13096521
INFO:root:2020-06-15 TP at 196.69 13009729
INFO:root:Total Profit: 19.16
INFO:root:Total Loss: 0
INFO:root:Net Profit: 95.8
INFO:root:ED
INFO:root:Total Profit: 0
INFO:root:Total Loss: 0
INFO:root:Net Profit: 0
INFO:root:EFX
INFO:root:2011-09-07 BUY 32 at 31.74 994464
INFO:root:2011-09-09 BUY SL at 30.24 933007
INFO:root:2022-12-15 SELL 5 at 197.81 811007
INFO:root:2022-12-20 TP at 187.11 846536
INFO:root:Total Profit: 10.7
INFO:root:Total Loss: 1.5
INFO:root:Net Profit: 5.5
INFO:root:EG
INFO:root:2020-05-18 BUY 6 at 180.36 488486
INFO:root:2020-05-19 TP at 189.13 519636
INFO:root:2020-06-11 SELL 5 at 211.0 481236
INFO:root:2020-06-16 SELL SL at 220.58 459321
INFO:root:Total Profit: 8.77
INFO:root:Total Loss: 9.58
INFO:root:Net Profit: 4.72
INFO:root:EIX
INFO:root:2011-11-01 SELL 25 at 40.0 2230693
INFO:root:2011-11-03 SELL SL at 41.13 2504536
INFO:root:Total Profit: 0
INFO:root:Total Loss: 1.13
INFO:root:Net Profit: -28.25
INFO:root:EL
INFO:root:2018-12-06 SELL 7 at 141.39 2587457
INFO:root:2018-12-17 TP at 129.67 2727993
INFO:root:2020-04-06 BUY 6 at 160.5 2598229
INFO:root:2020-04-09 TP at 169.24 2195729
INFO:root:2020-08-24 BUY 5 at 212.57 1523829
INFO:root:2020-08-28 TP at 223.54 1553000
INFO:root:2022-11-04 BUY 5 at 210.53 3021121
INFO:root:2022-11-11 TP at 232.33 2985814
INFO:root:Total Profit: 53.23
INFO:root:Total Loss: 0
INFO:root:Net Profit: 298.33
INFO:root:ELV
INFO:root:2022-07-15 BUY 2 at 488.92 944064
INFO:root:2022-07-19 TP at 499.33 915043
INFO:root:Total Profit: 10.41
INFO:root:Total Loss: 0
INFO:root:Net Profit: 20.82
INFO:root:EMN
INFO:root:2011-09-02 SELL 26 at 39.11 1917343
INFO:root:2011-09-22 TP at 32.44 2549771
INFO:root:2013-05-03 BUY 15 at 67.89 2294229
INFO:root:2013-05-16 TP at 72.15 2140400
INFO:root:2020-06-11 SELL 15 at 66.53 1461107
INFO:root:2020-07-15 SELL SL at 75.23 1074507
INFO:root:2022-09-13 SELL 12 at 84.11 951071
INFO:root:2022-09-16 TP at 77.74 1523543
INFO:root:Total Profit: 17.3
INFO:root:Total Loss: 8.7
INFO:root:Net Profit: 183.26
INFO:root:EMR
INFO:root:2011-04-20 BUY 17 at 58.29 3800950
INFO:root:2011-04-26 TP at 60.15 3716707
INFO:root:2019-01-28 SELL 16 at 62.41 3466643
INFO:root:2019-01-30 SELL SL at 65.69 3568621
INFO:root:2020-06-11 SELL 17 at 60.46 3527757
INFO:root:2020-08-07 SELL SL at 66.37 2592036
INFO:root:Total Profit: 1.86
INFO:root:Total Loss: 9.19
INFO:root:Net Profit: -121.33
INFO:root:ENPH
INFO:root:2016-09-23 SELL 833 at 1.2 884786
INFO:root:2017-01-13 SELL SL at 1.54 1171993
INFO:root:2021-04-28 SELL 7 at 146.91 3160714
INFO:root:2021-05-03 TP at 134.73 3653800
INFO:root:2024-04-05 SELL 9 at 112.27 3353179
INFO:root:2024-04-09 SELL SL at 121.98 3370821
INFO:root:Total Profit: 12.18
INFO:root:Total Loss: 10.05
INFO:root:Net Profit: -285.35
INFO:root:EOG
INFO:root:2010-02-16 BUY 22 at 46.41 6118029
INFO:root:2010-02-23 BUY SL at 44.96 5735686
INFO:root:2011-09-07 BUY 22 at 45.33 5148957
INFO:root:2011-09-09 BUY SL at 42.66 4879229
INFO:root:2011-11-02 BUY 21 at 48.02 7114886
INFO:root:2011-12-01 TP at 52.49 4628886
INFO:root:2014-11-05 BUY 10 at 96.1 6931043
INFO:root:2014-11-10 TP at 102.25 7057779
INFO:root:2018-12-07 BUY 10 at 103.61 4351750
INFO:root:2018-12-10 BUY SL at 101.71 4159157
INFO:root:2020-08-07 SELL 20 at 48.81 4009821
INFO:root:2020-08-10 SELL SL at 50.46 3974421
INFO:root:2020-11-30 SELL 21 at 46.88 6046107
INFO:root:2020-12-04 SELL SL at 53.0 7036800
INFO:root:2022-09-09 BUY 8 at 123.36 3014464
INFO:root:2022-09-21 BUY SL at 118.24 3128586
INFO:root:Total Profit: 10.62
INFO:root:Total Loss: 18.91
INFO:root:Net Profit: -156.75
INFO:root:EPAM
INFO:root:2024-01-04 BUY 3 at 290.23 438043
INFO:root:2024-01-12 TP at 309.38 356279
INFO:root:2024-02-15 BUY 3 at 301.2 616207
INFO:root:2024-02-16 TP at 313.21 669693
INFO:root:Total Profit: 31.16
INFO:root:Total Loss: 0
INFO:root:Net Profit: 93.48
INFO:root:EQIX
INFO:root:2012-07-26 BUY 5 at 181.9 1094714
INFO:root:2012-07-27 TP at 189.28 1117386
INFO:root:Total Profit: 7.38
INFO:root:Total Loss: 0
INFO:root:Net Profit: 36.9
INFO:root:EQR
INFO:root:2020-05-18 BUY 17 at 60.46 3014900
INFO:root:2020-05-19 BUY SL at 57.72 3087000
INFO:root:2020-06-11 SELL 16 at 61.66 3688764
INFO:root:2020-06-16 SELL SL at 64.69 3627521
INFO:root:2020-11-03 BUY 19 at 52.53 2993221
INFO:root:2020-11-09 TP at 67.42 3809129
INFO:root:Total Profit: 14.89
INFO:root:Total Loss: 5.77
INFO:root:Net Profit: 187.85
INFO:root:EQT
INFO:root:2010-05-26 BUY 49 at 20.35 3105107
INFO:root:2010-06-03 TP at 22.25 3260596
INFO:root:2011-09-07 BUY 30 at 33.8 2945721
INFO:root:2011-09-12 BUY SL at 31.64 2879038
INFO:root:Total Profit: 1.9
INFO:root:Total Loss: 2.16
INFO:root:Net Profit: 28.3
INFO:root:ERIE
INFO:root:2011-09-07 BUY 13 at 74.11 68786
INFO:root:2011-09-21 BUY SL at 70.17 63621
INFO:root:Total Profit: 0
INFO:root:Total Loss: 3.94
INFO:root:Net Profit: -51.22
INFO:root:ES
INFO:root:Total Profit: 0
INFO:root:Total Loss: 0
INFO:root:Net Profit: 0
INFO:root:ESS
INFO:root:2020-06-11 SELL 4 at 246.09 463700
INFO:root:2020-06-18 TP at 238.12 520071
INFO:root:Total Profit: 7.97
INFO:root:Total Loss: 0
INFO:root:Net Profit: 31.88
INFO:root:ETN
INFO:root:2011-05-23 SELL 20 at 49.79 3473493
INFO:root:2011-05-27 SELL SL at 51.38 3129443
INFO:root:2011-09-27 BUY 27 at 37.13 5509400
INFO:root:2011-09-30 BUY SL at 35.5 5054371
INFO:root:2019-09-03 SELL 13 at 78.49 2375543
INFO:root:2019-09-05 SELL SL at 81.95 2109000
INFO:root:2024-11-06 BUY 3 at 359.18 2027243
INFO:root:2024-11-11 TP at 373.39 2263143
INFO:root:Total Profit: 14.21
INFO:root:Total Loss: 6.68
INFO:root:Net Profit: -78.16
INFO:root:ETR
INFO:root:Total Profit: 0
INFO:root:Total Loss: 0
INFO:root:Net Profit: 0
INFO:root:EVRG
INFO:root:Total Profit: 0
INFO:root:Total Loss: 0
INFO:root:Net Profit: 0
INFO:root:EW
INFO:root:2012-02-03 SELL 84 at 11.92 10649914
INFO:root:2012-04-25 SELL SL at 13.64 8177186
INFO:root:2015-08-25 BUY 44 at 22.62 6350871
INFO:root:2015-09-28 BUY SL at 22.32 5955557
INFO:root:2022-07-29 SELL 10 at 100.54 2634107
INFO:root:2022-08-03 SELL SL at 103.45 2692693
INFO:root:Total Profit: 0
INFO:root:Total Loss: 4.93
INFO:root:Net Profit: -186.78
INFO:root:EXC
INFO:root:Total Profit: 0
INFO:root:Total Loss: 0
INFO:root:Net Profit: 0
INFO:root:EXPD
INFO:root:2011-09-07 BUY 23 at 43.54 1990086
INFO:root:2011-09-12 BUY SL at 41.76 1894729
INFO:root:Total Profit: 0
INFO:root:Total Loss: 1.78
INFO:root:Net Profit: -40.94
INFO:root:EXPE
INFO:root:2011-09-07 BUY 16 at 60.9 2845854
INFO:root:2011-09-09 BUY SL at 58.26 2755000
INFO:root:2015-02-12 BUY 11 at 89.57 3610400
INFO:root:2015-04-02 TP at 98.31 1496079
INFO:root:2020-02-24 SELL 9 at 112.31 3015543
INFO:root:2020-02-26 TP at 100.61 3405414
INFO:root:2020-04-22 BUY 16 at 61.42 4705486
INFO:root:2020-04-27 TP at 69.68 4871529
INFO:root:2020-04-30 SELL 14 at 70.98 4602657
INFO:root:2020-05-04 TP at 62.6 4551786
INFO:root:2022-09-13 SELL 9 at 108.19 1968493
INFO:root:2022-09-16 TP at 100.73 2350857
INFO:root:2024-08-09 BUY 8 at 130.01 2635443
INFO:root:2024-08-23 TP at 138.9 2364643
INFO:root:Total Profit: 53.43
INFO:root:Total Loss: 2.64
INFO:root:Net Profit: 546.94
INFO:root:EXR
INFO:root:2023-04-03 SELL 6 at 154.51 1663121
INFO:root:2023-04-04 SELL SL at 160.17 1965250
INFO:root:Total Profit: 0
INFO:root:Total Loss: 5.66
INFO:root:Net Profit: -33.96
INFO:root:F
INFO:root:2016-07-05 SELL 81 at 12.4 38850207
INFO:root:2016-07-07 SELL SL at 12.75 40004014
INFO:root:2020-06-11 SELL 163 at 6.13 107190214
INFO:root:2020-07-16 SELL SL at 6.86 77689579
INFO:root:2022-10-10 SELL 88 at 11.36 83136507
INFO:root:2022-10-18 SELL SL at 12.03 72009064
INFO:root:Total Profit: 0
INFO:root:Total Loss: 1.75
INFO:root:Net Profit: -206.3
INFO:root:FANG
INFO:root:2019-09-18 SELL 10 at 98.25 1866957
INFO:root:2019-09-26 TP at 89.09 2203907
INFO:root:2019-11-06 SELL 13 at 77.2 2356107
INFO:root:2019-12-20 SELL SL at 88.02 2196514
INFO:root:2020-06-11 SELL 23 at 44.36 2918493
INFO:root:2020-07-09 TP at 37.37 3282114
INFO:root:2021-08-23 BUY 14 at 72.2 2268143
INFO:root:2021-08-27 TP at 77.07 2227807
INFO:root:2021-09-20 SELL 13 at 79.11 2616371
INFO:root:2021-09-22 SELL SL at 84.38 2567336
INFO:root:2021-12-21 BUY 10 at 104.9 2676807
INFO:root:2021-12-27 TP at 111.22 2544736
INFO:root:2022-09-16 SELL 8 at 132.62 2495771
INFO:root:2022-09-23 TP at 113.66 2388864
INFO:root:2023-03-21 BUY 8 at 130.62 3165964
INFO:root:2023-03-23 BUY SL at 126.63 3007029
INFO:root:Total Profit: 46.3
INFO:root:Total Loss: 20.08
INFO:root:Net Profit: 294.34
INFO:root:FAST
INFO:root:Total Profit: 0
INFO:root:Total Loss: 0
INFO:root:Net Profit: 0
INFO:root:FCX
INFO:root:2010-08-17 BUY 27 at 36.42 19434757
INFO:root:2010-08-20 BUY SL at 35.69 18105386
INFO:root:2011-09-27 BUY 29 at 34.82 23658857
INFO:root:2011-09-28 BUY SL at 32.3 24821593
INFO:root:2011-11-01 SELL 26 at 38.76 27303829
INFO:root:2011-11-04 SELL SL at 40.32 26502664
INFO:root:2014-11-28 SELL 37 at 26.85 11634107
INFO:root:2014-12-09 TP at 24.39 13722200
INFO:root:2016-06-09 SELL 92 at 10.9 38080093
INFO:root:2016-06-14 TP at 9.82 36249071
INFO:root:2018-04-24 SELL 62 at 16.08 19000036
INFO:root:2018-08-15 TP at 13.28 15948536
INFO:root:2020-04-17 BUY 120 at 8.34 30024579
INFO:root:2020-04-21 BUY SL at 7.41 29469421
INFO:root:2021-07-09 BUY 27 at 36.5 20289686
INFO:root:2021-07-14 BUY SL at 34.52 18054500
INFO:root:2021-08-23 BUY 29 at 34.2 16445964
INFO:root:2021-08-27 TP at 36.83 17153529
INFO:root:2022-07-11 SELL 37 at 26.91 25476136
INFO:root:2022-07-19 SELL SL at 28.5 25793943
INFO:root:2023-03-20 BUY 27 at 37.45 15510979
INFO:root:2023-03-30 TP at 41.15 15389679
INFO:root:2023-05-26 BUY 29 at 34.77 12258871
INFO:root:2023-06-02 TP at 37.56 13225000
INFO:root:2023-09-06 SELL 25 at 40.41 8882000
INFO:root:2023-09-21 TP at 37.2 8414043
INFO:root:2024-02-20 SELL 26 at 38.14 12833129
INFO:root:2024-02-21 SELL SL at 38.86 12480986
INFO:root:2024-09-30 SELL 20 at 49.92 15431721
INFO:root:2024-10-02 SELL SL at 50.82 15083500
INFO:root:2024-11-08 SELL 22 at 46.36 10153586
INFO:root:2024-11-14 TP at 42.71 10917993
INFO:root:Total Profit: 22.32
INFO:root:Total Loss: 10.93
INFO:root:Net Profit: 387.65
INFO:root:FDS
INFO:root:2011-09-07 BUY 12 at 85.41 335964
INFO:root:2011-09-09 BUY SL at 82.24 319850
INFO:root:Total Profit: 0
INFO:root:Total Loss: 3.17
INFO:root:Net Profit: -38.04
INFO:root:FDX
INFO:root:2011-09-07 BUY 13 at 76.27 3315479
INFO:root:2011-09-09 BUY SL at 73.4 3109707
INFO:root:2015-12-18 SELL 7 at 147.15 2807536
INFO:root:2016-01-06 TP at 140.28 2410843
INFO:root:2020-06-11 SELL 8 at 128.81 2869821
INFO:root:2020-07-01 SELL SL at 156.66 3555686
INFO:root:2020-09-21 SELL 4 at 238.74 4952514
INFO:root:2020-09-22 SELL SL at 243.42 5006079
INFO:root:2022-06-14 BUY 4 at 229.95 2679764
INFO:root:2022-06-15 TP at 239.21 2882514
INFO:root:Total Profit: 16.13
INFO:root:Total Loss: 35.4
INFO:root:Net Profit: -193.7
INFO:root:FE
INFO:root:2022-04-22 SELL 22 at 46.01 3261100
INFO:root:2022-04-27 TP at 44.45 3112057
INFO:root:Total Profit: 1.56
INFO:root:Total Loss: 0
INFO:root:Net Profit: 34.32
INFO:root:FFIV
INFO:root:2013-06-03 SELL 13 at 79.16 1470193
INFO:root:2013-06-13 TP at 73.42 1506107
INFO:root:2015-10-06 SELL 8 at 117.96 1025250
INFO:root:2015-10-28 SELL SL at 121.34 962750
INFO:root:2020-05-01 SELL 7 at 135.3 1257529
INFO:root:2020-05-06 SELL SL at 141.8 1310143
INFO:root:Total Profit: 5.74
INFO:root:Total Loss: 9.88
INFO:root:Net Profit: 2.08
INFO:root:FI
INFO:root:2011-09-07 BUY 74 at 13.56 5090286
INFO:root:2011-09-09 BUY SL at 12.87 4663886
INFO:root:2020-04-21 SELL 11 at 91.76 4460400
INFO:root:2020-04-27 SELL SL at 99.18 3978350
INFO:root:Total Profit: 0
INFO:root:Total Loss: 8.11
INFO:root:Net Profit: -132.68
INFO:root:FICO
INFO:root:Total Profit: 0
INFO:root:Total Loss: 0
INFO:root:Net Profit: 0
INFO:root:FIS
INFO:root:2010-05-26 BUY 36 at 27.47 10406514
INFO:root:2010-06-07 BUY SL at 26.75 7873807
INFO:root:2011-09-27 BUY 40 at 25.05 1906207
INFO:root:2011-09-30 BUY SL at 24.32 1944157
INFO:root:2020-04-06 BUY 8 at 123.02 6533221
INFO:root:2020-04-07 TP at 130.83 6172179
INFO:root:Total Profit: 7.81
INFO:root:Total Loss: 1.45
INFO:root:Net Profit: 7.36
INFO:root:FITB
INFO:root:2020-11-04 SELL 43 at 23.1 5273457
INFO:root:2020-11-09 SELL SL at 26.56 6000479
INFO:root:2022-11-17 SELL 28 at 35.33 4685657
INFO:root:2022-11-18 SELL SL at 35.63 4659543
INFO:root:2023-05-05 BUY 40 at 24.92 9033057
INFO:root:2023-05-11 BUY SL at 23.66 9025393
INFO:root:Total Profit: 0
INFO:root:Total Loss: 5.02
INFO:root:Net Profit: -207.58
INFO:root:FMC
INFO:root:2011-09-09 SELL 32 at 30.85 1359930
INFO:root:2011-09-14 SELL SL at 32.43 1311620
INFO:root:2011-09-27 BUY 31 at 32.4 1615254
INFO:root:2011-09-30 BUY SL at 29.99 1677154
INFO:root:2019-09-04 BUY 12 at 86.71 637893
INFO:root:2019-09-05 TP at 88.62 646600
INFO:root:2021-02-10 SELL 9 at 107.9 985700
INFO:root:2021-03-04 TP at 98.77 1261071
INFO:root:Total Profit: 11.04
INFO:root:Total Loss: 3.99
INFO:root:Net Profit: -20.18
INFO:root:FOX
INFO:root:Total Profit: 0
INFO:root:Total Loss: 0
INFO:root:Net Profit: 0
INFO:root:FOXA
INFO:root:Total Profit: 0
INFO:root:Total Loss: 0
INFO:root:Net Profit: 0
INFO:root:FRT
INFO:root:Total Profit: 0
INFO:root:Total Loss: 0
INFO:root:Net Profit: 0
INFO:root:FSLR
INFO:root:2012-02-17 BUY 23 at 42.59 4851579
INFO:root:2012-02-23 BUY SL at 37.2 5066743
INFO:root:2014-02-27 BUY 17 at 57.19 5227471
INFO:root:2014-03-11 BUY SL at 53.48 5195843
INFO:root:2022-03-02 SELL 14 at 69.51 2061057
INFO:root:2022-03-07 SELL SL at 75.0 2465236
INFO:root:2022-08-19 SELL 9 at 115.41 2833686
INFO:root:2022-08-24 SELL SL at 118.44 2664171
INFO:root:Total Profit: 0
INFO:root:Total Loss: 17.62
INFO:root:Net Profit: -291.17
INFO:root:FTNT
INFO:root:2010-11-01 BUY 313 at 3.19 16047429
INFO:root:2010-11-04 BUY SL at 3.06 18431786
INFO:root:2013-01-31 BUY 212 at 4.72 18549643
INFO:root:2013-04-11 BUY SL at 3.8 18595036
INFO:root:2019-08-05 SELL 62 at 16.17 8980036
INFO:root:2019-11-01 SELL SL at 18.03 7015750
INFO:root:2022-11-10 BUY 18 at 54.39 6966243
INFO:root:2022-12-06 BUY SL at 50.85 4814557
INFO:root:2024-02-14 BUY 14 at 70.88 8742443
INFO:root:2024-02-16 BUY SL at 68.48 8498079
INFO:root:Total Profit: 0
INFO:root:Total Loss: 8.85
INFO:root:Net Profit: -448.37
INFO:root:FTV
INFO:root:2020-04-17 BUY 20 at 50.51 2948219
INFO:root:2020-04-21 BUY SL at 46.73 2718318
INFO:root:2022-02-09 BUY 15 at 66.48 3723657
INFO:root:2022-02-11 BUY SL at 65.26 3609414
INFO:root:Total Profit: 0
INFO:root:Total Loss: 5.0
INFO:root:Net Profit: -93.9
INFO:root:GD
INFO:root:2020-04-21 SELL 8 at 131.69 1685086
INFO:root:2020-04-28 SELL SL at 136.49 1874264
INFO:root:Total Profit: 0
INFO:root:Total Loss: 4.8
INFO:root:Net Profit: -38.4
INFO:root:GDDY
INFO:root:2016-04-07 BUY 32 at 31.6 1638093
INFO:root:2016-04-11 BUY SL at 30.64 1782564
INFO:root:2022-11-10 BUY 14 at 71.76 1220871
INFO:root:2022-11-30 TP at 79.13 769007
INFO:root:Total Profit: 7.37
INFO:root:Total Loss: 0.96
INFO:root:Net Profit: 72.46
INFO:root:GE
INFO:root:2011-09-07 BUY 13 at 75.72 14503357
INFO:root:2011-09-09 BUY SL at 72.32 15461218
INFO:root:2011-11-01 SELL 13 at 76.77 14133022
INFO:root:2011-11-21 TP at 72.85 11065024
INFO:root:2022-03-09 BUY 18 at 56.85 11920074
INFO:root:2022-04-05 BUY SL at 56.13 9802028
INFO:root:Total Profit: 3.92
INFO:root:Total Loss: 4.12
INFO:root:Net Profit: -6.2
INFO:root:GEHC
INFO:root:Total Profit: 0
INFO:root:Total Loss: 0
INFO:root:Net Profit: 0
INFO:root:GEN
INFO:root:2011-09-27 BUY 58 at 17.15 8282186
INFO:root:2011-09-28 BUY SL at 16.86 8362607
INFO:root:2016-03-11 BUY 54 at 18.39 9600207
INFO:root:2016-04-28 BUY SL at 16.86 7447621
INFO:root:2018-05-14 BUY 47 at 21.4 16909650
INFO:root:2018-08-03 BUY SL at 19.25 11425836
INFO:root:2019-07-15 SELL 44 at 22.84 14481750
INFO:root:2019-12-05 SELL SL at 25.49 5451336
INFO:root:2020-02-07 BUY 51 at 19.73 11474179
INFO:root:2020-03-09 BUY SL at 17.19 9235907
INFO:root:Total Profit: 0
INFO:root:Total Loss: 9.16
INFO:root:Net Profit: -446.63
INFO:root:GEV
INFO:root:Total Profit: 0
INFO:root:Total Loss: 0
INFO:root:Net Profit: 0
INFO:root:GFS
INFO:root:Total Profit: 0
INFO:root:Total Loss: 0
INFO:root:Net Profit: 0
INFO:root:GILD
INFO:root:2012-07-27 BUY 36 at 27.75 11541314
INFO:root:2012-08-02 TP at 29.42 15445700
INFO:root:2014-12-22 SELL 11 at 92.9 18411957
INFO:root:2014-12-23 TP at 85.95 21512986
INFO:root:2015-08-25 BUY 10 at 102.56 10739943
INFO:root:2015-09-25 BUY SL at 100.14 10831971
INFO:root:Total Profit: 8.62
INFO:root:Total Loss: 2.42
INFO:root:Net Profit: 112.37
INFO:root:GIS
INFO:root:Total Profit: 0
INFO:root:Total Loss: 0
INFO:root:Net Profit: 0
INFO:root:GL
INFO:root:2011-09-02 SELL 42 at 23.91 2125200
INFO:root:2011-09-07 SELL SL at 24.83 2008146
INFO:root:2020-05-18 BUY 14 at 73.94 827450
INFO:root:2020-05-19 BUY SL at 70.75 830907
INFO:root:2022-06-15 BUY 11 at 93.26 435286
INFO:root:2022-06-16 BUY SL at 90.44 465293
INFO:root:Total Profit: 0
INFO:root:Total Loss: 6.93
INFO:root:Net Profit: -114.32
INFO:root:GLW
INFO:root:2011-11-29 SELL 76 at 13.19 23058771
INFO:root:2012-07-25 TP at 11.05 12904829
INFO:root:2019-09-05 BUY 35 at 28.58 4729614
INFO:root:2019-09-11 TP at 29.98 5092321
INFO:root:Total Profit: 3.54
INFO:root:Total Loss: 0
INFO:root:Net Profit: 211.64
INFO:root:GM
INFO:root:2011-09-07 BUY 44 at 22.86 15941421
INFO:root:2011-09-21 BUY SL at 21.28 11711493
INFO:root:2017-02-14 BUY 27 at 37.24 15721114
INFO:root:2017-03-20 BUY SL at 35.71 17151057
INFO:root:2019-06-04 BUY 28 at 35.73 10650636
INFO:root:2019-06-19 TP at 37.47 8406257
INFO:root:2020-04-07 BUY 47 at 21.3 23096000
INFO:root:2020-04-09 TP at 24.99 21396079
INFO:root:2021-08-04 SELL 19 at 52.72 17136600
INFO:root:2021-08-19 TP at 48.67 20644214
INFO:root:2022-02-09 BUY 20 at 50.72 25525971
INFO:root:2022-02-11 BUY SL at 48.83 23995743
INFO:root:Total Profit: 9.48
INFO:root:Total Loss: 5.0
INFO:root:Net Profit: 150.47
INFO:root:GNRC
INFO:root:2013-05-07 SELL 27 at 36.54 1072814
INFO:root:2013-05-28 SELL SL at 38.45 850271
INFO:root:2015-01-27 SELL 22 at 45.17 1175993
INFO:root:2015-02-11 SELL SL at 48.94 1256707
INFO:root:2015-09-01 SELL 33 at 30.49 1103121
INFO:root:2015-09-03 SELL SL at 31.21 1022793
INFO:root:2021-02-02 BUY 4 at 266.99 615450
INFO:root:2021-02-08 TP at 280.61 568186
INFO:root:Total Profit: 13.62
INFO:root:Total Loss: 6.4
INFO:root:Net Profit: -103.79
INFO:root:GOOG
INFO:root:2011-09-27 BUY 74 at 13.43 115998596
INFO:root:2011-09-28 BUY SL at 13.17 115662484
INFO:root:2023-12-11 SELL 7 at 134.7 21394929
INFO:root:2023-12-18 SELL SL at 137.19 27621386
INFO:root:2024-01-31 SELL 7 at 141.8 21583686
INFO:root:2024-02-09 SELL SL at 150.22 24694000
INFO:root:Total Profit: 0
INFO:root:Total Loss: 11.17
INFO:root:Net Profit: -95.61
INFO:root:GOOGL
INFO:root:2011-09-27 BUY 74 at 13.5 115449863
INFO:root:2011-09-28 BUY SL at 13.23 115115341
INFO:root:2021-12-14 SELL 7 at 143.91 30570714
INFO:root:2021-12-15 SELL SL at 146.44 31880000
INFO:root:2023-12-11 SELL 8 at 133.29 28377614
INFO:root:2023-12-18 SELL SL at 135.8 34506414
INFO:root:2024-01-31 SELL 7 at 140.1 29701729
INFO:root:2024-02-09 SELL SL at 149.0 34523800
INFO:root:Total Profit: 0
INFO:root:Total Loss: 14.21
INFO:root:Net Profit: -120.07
INFO:root:GPC
INFO:root:2020-05-18 BUY 13 at 77.31 1063721
INFO:root:2020-05-27 TP at 87.37 955914
INFO:root:Total Profit: 10.06
INFO:root:Total Loss: 0
INFO:root:Net Profit: 130.78
INFO:root:GPN
INFO:root:2011-09-07 BUY 45 at 22.16 1698357
INFO:root:2011-09-09 BUY SL at 21.3 1667529
INFO:root:2020-04-17 BUY 6 at 154.88 2598450
INFO:root:2020-04-21 BUY SL at 141.29 2452043
INFO:root:2020-05-05 BUY 6 at 166.95 1808814
INFO:root:2020-05-06 TP at 182.7 1898707
INFO:root:Total Profit: 15.75
INFO:root:Total Loss: 14.45
INFO:root:Net Profit: -25.74
INFO:root:GRMN
INFO:root:2015-07-16 SELL 23 at 43.1 2034150
INFO:root:2015-08-21 TP at 38.24 1208907
INFO:root:Total Profit: 4.86
INFO:root:Total Loss: 0
INFO:root:Net Profit: 111.78
INFO:root:GS
INFO:root:2011-11-01 SELL 10 at 103.54 8917300
INFO:root:2011-11-16 TP at 95.25 7188457
INFO:root:2020-04-06 BUY 6 at 158.23 5691243
INFO:root:2020-04-07 TP at 169.14 5363407
INFO:root:Total Profit: 19.2
INFO:root:Total Loss: 0
INFO:root:Net Profit: 148.36
INFO:root:GWW
INFO:root:Total Profit: 0
INFO:root:Total Loss: 0
INFO:root:Net Profit: 0
INFO:root:HAL
INFO:root:2011-09-27 BUY 29 at 34.46 19506521
INFO:root:2011-09-28 BUY SL at 32.47 19778936
INFO:root:2011-11-01 SELL 28 at 35.25 23198414
INFO:root:2011-11-03 SELL SL at 37.85 23181757
INFO:root:2016-04-01 SELL 28 at 35.09 8932364
INFO:root:2016-04-06 SELL SL at 36.44 10350586
INFO:root:2017-01-23 SELL 18 at 54.8 9150379
INFO:root:2017-01-24 SELL SL at 56.62 9203593
INFO:root:2020-06-11 SELL 81 at 12.28 24415843
INFO:root:2020-07-21 SELL SL at 14.32 16788014
INFO:root:2021-11-29 BUY 45 at 22.25 9116643
INFO:root:2021-11-30 BUY SL at 21.59 9750057
INFO:root:Total Profit: 0
INFO:root:Total Loss: 10.46
INFO:root:Net Profit: -396.01
INFO:root:HAS
INFO:root:2010-05-26 BUY 25 at 39.55 3254150
INFO:root:2010-06-07 BUY SL at 38.42 2786521
INFO:root:2018-07-23 BUY 9 at 106.04 1863514
INFO:root:2018-10-22 BUY SL at 95.01 1670250
INFO:root:2020-10-26 SELL 12 at 83.4 1014714
INFO:root:2020-11-17 SELL SL at 91.89 936814
INFO:root:Total Profit: 0
INFO:root:Total Loss: 20.65
INFO:root:Net Profit: -229.4
INFO:root:HBAN
INFO:root:2019-09-05 BUY 74 at 13.54 7965464
INFO:root:2019-09-09 TP at 14.29 7878450
INFO:root:2020-11-09 BUY 84 at 11.95 10096179
INFO:root:2021-01-06 TP at 14.2 14512943
INFO:root:Total Profit: 3.0
INFO:root:Total Loss: 0
INFO:root:Net Profit: 244.5
INFO:root:HCA
INFO:root:2016-01-11 BUY 15 at 67.83 3495150
INFO:root:2016-01-12 BUY SL at 66.65 3528371
INFO:root:2016-11-09 SELL 14 at 72.16 4749593
INFO:root:2017-01-09 SELL SL at 78.92 1937643
INFO:root:Total Profit: 0
INFO:root:Total Loss: 7.94
INFO:root:Net Profit: -112.34
INFO:root:HD
INFO:root:2020-04-06 BUY 5 at 191.33 9980643
INFO:root:2020-04-07 TP at 204.11 9391850
INFO:root:2020-04-21 SELL 5 at 200.61 6283421
INFO:root:2020-04-24 SELL SL at 212.18 5651029
INFO:root:Total Profit: 12.78
INFO:root:Total Loss: 11.57
INFO:root:Net Profit: 6.05
INFO:root:HES
INFO:root:2011-09-07 BUY 17 at 59.26 4685579
INFO:root:2011-09-08 TP at 61.75 4665121
INFO:root:2011-09-27 BUY 18 at 56.87 5225793
INFO:root:2011-09-30 BUY SL at 52.46 4901029
INFO:root:2011-11-01 SELL 17 at 58.94 5275300
INFO:root:2011-11-03 SELL SL at 62.91 5326093
INFO:root:2016-11-30 BUY 18 at 55.96 4596264
INFO:root:2016-12-08 TP at 62.0 5132471
INFO:root:2020-02-12 BUY 17 at 58.77 4070486
INFO:root:2020-02-14 TP at 62.04 4341750
INFO:root:2020-06-11 SELL 21 at 48.57 2784793
INFO:root:2020-08-05 SELL SL at 53.61 2037286
INFO:root:Total Profit: 11.8
INFO:root:Total Loss: 13.42
INFO:root:Net Profit: -46.07
INFO:root:HIG
INFO:root:2011-09-07 BUY 56 at 17.83 10443650
INFO:root:2011-09-09 BUY SL at 16.64 10178629
INFO:root:2011-11-01 SELL 55 at 18.21 9474600
INFO:root:2011-11-23 TP at 15.5 7897286
INFO:root:2012-07-06 SELL 59 at 17.01 4739707
INFO:root:2012-07-23 TP at 15.65 5730721
INFO:root:2016-02-08 SELL 25 at 39.59 3870629
INFO:root:2016-02-12 SELL SL at 40.79 3779836
INFO:root:2020-05-18 BUY 28 at 35.25 3290993
INFO:root:2020-05-26 TP at 39.54 3125314
INFO:root:2020-06-09 SELL 22 at 44.98 3836993
INFO:root:2020-06-15 TP at 37.85 3677693
INFO:root:Total Profit: 15.49
INFO:root:Total Loss: 2.39
INFO:root:Net Profit: 409.63
INFO:root:HII
INFO:root:Total Profit: 0
INFO:root:Total Loss: 0
INFO:root:Net Profit: 0
INFO:root:HLT
INFO:root:2020-05-18 BUY 14 at 73.07 4794493
INFO:root:2020-05-26 TP at 85.58 4606057
INFO:root:2020-11-24 BUY 9 at 108.94 3517757
INFO:root:2020-11-27 BUY SL at 104.41 3346293
INFO:root:2021-11-29 BUY 7 at 138.07 1916286
INFO:root:2021-11-30 BUY SL at 135.07 2033271
INFO:root:Total Profit: 12.51
INFO:root:Total Loss: 7.53
INFO:root:Net Profit: 113.37
INFO:root:HOLX
INFO:root:2019-01-07 BUY 25 at 40.49 3432300
INFO:root:2019-01-16 TP at 43.51 2333686
INFO:root:Total Profit: 3.02
INFO:root:Total Loss: 0
INFO:root:Net Profit: 75.5
INFO:root:HON
INFO:root:2011-09-27 BUY 23 at 43.04 6514211
INFO:root:2011-10-03 BUY SL at 40.35 6601263
INFO:root:2011-11-01 SELL 20 at 48.81 5870681
INFO:root:2011-11-02 SELL SL at 50.0 5881500
INFO:root:2015-09-01 SELL 11 at 91.49 4439180
INFO:root:2015-09-03 SELL SL at 93.97 4685981
INFO:root:2015-09-08 BUY 11 at 95.16 4810322
INFO:root:2015-09-17 TP at 97.52 3529481
INFO:root:2020-11-02 BUY 6 at 173.61 2649907
INFO:root:2020-11-03 TP at 180.39 2745279
INFO:root:Total Profit: 9.14
INFO:root:Total Loss: 6.36
INFO:root:Net Profit: -46.31
INFO:root:HPE
INFO:root:2020-06-11 SELL 103 at 9.75 16822729
INFO:root:2020-10-28 TP at 8.36 9417707
INFO:root:2022-06-02 SELL 67 at 14.96 14171043
INFO:root:2022-06-16 TP at 13.23 11864964
INFO:root:2024-06-05 BUY 51 at 19.48 22741286
INFO:root:2024-06-18 TP at 22.82 30319971
INFO:root:2024-09-17 BUY 55 at 18.2 27097536
INFO:root:2024-09-25 TP at 20.08 27697164
INFO:root:Total Profit: 8.34
INFO:root:Total Loss: 0
INFO:root:Net Profit: 532.82
INFO:root:HPQ
INFO:root:2011-11-01 SELL 86 at 11.64 39300336
INFO:root:2011-11-03 SELL SL at 12.19 40083210
INFO:root:2012-05-24 BUY 101 at 9.89 50393965
INFO:root:2012-06-04 BUY SL at 9.56 56315489
INFO:root:2020-02-27 SELL 46 at 21.88 16187279
INFO:root:2020-02-28 TP at 20.17 17545450
INFO:root:2020-05-01 SELL 68 at 14.71 13434700
INFO:root:2020-05-08 SELL SL at 15.66 11802029
INFO:root:2020-06-03 BUY 59 at 16.86 19277986
INFO:root:2020-06-11 BUY SL at 15.66 21480457
INFO:root:2022-04-07 BUY 25 at 40.06 22141757
INFO:root:2022-04-22 BUY SL at 36.79 19598407
INFO:root:Total Profit: 1.71
INFO:root:Total Loss: 6.3
INFO:root:Net Profit: -219.12
INFO:root:HRL
INFO:root:2011-11-01 SELL 69 at 14.41 1594314
INFO:root:2011-11-03 SELL SL at 14.85 1600029
INFO:root:Total Profit: 0
INFO:root:Total Loss: 0.44
INFO:root:Net Profit: -30.36
INFO:root:HSIC
INFO:root:2011-11-01 SELL 40 at 25.24 1995102
INFO:root:2011-11-25 TP at 23.44 1705622
INFO:root:2023-02-16 SELL 12 at 82.82 1081643
INFO:root:2023-03-01 TP at 76.96 1126971
INFO:root:Total Profit: 7.66
INFO:root:Total Loss: 0
INFO:root:Net Profit: 142.32
INFO:root:HST
INFO:root:2011-11-01 SELL 73 at 13.66 11235300
INFO:root:2011-11-02 SELL SL at 14.29 11331886
INFO:root:Total Profit: 0
INFO:root:Total Loss: 0.63
INFO:root:Net Profit: -45.99
INFO:root:HSY
INFO:root:2015-08-27 BUY 11 at 90.24 1402100
INFO:root:2015-09-01 BUY SL at 87.08 1421807
INFO:root:Total Profit: 0
INFO:root:Total Loss: 3.16
INFO:root:Net Profit: -34.76
INFO:root:HUBB
INFO:root:2011-09-27 BUY 19 at 52.37 337186
INFO:root:2011-09-28 BUY SL at 50.9 330786
INFO:root:2022-10-19 SELL 5 at 217.71 601954
INFO:root:2022-10-20 TP at 210.45 619639
INFO:root:2022-10-25 BUY 4 at 237.35 724620
INFO:root:2022-11-08 TP at 245.01 664014
INFO:root:Total Profit: 14.92
INFO:root:Total Loss: 1.47
INFO:root:Net Profit: 39.01
INFO:root:HUM
INFO:root:2024-10-08 BUY 4 at 243.2 3782929
INFO:root:2024-10-10 TP at 252.27 3883293
INFO:root:Total Profit: 9.07
INFO:root:Total Loss: 0
INFO:root:Net Profit: 36.28
INFO:root:HWM
INFO:root:2017-04-18 SELL 39 at 25.8 4346343
INFO:root:2017-04-25 SELL SL at 26.98 4634214
INFO:root:2020-06-09 SELL 62 at 16.22 3589207
INFO:root:2020-06-10 TP at 14.73 3742407
INFO:root:2024-08-05 SELL 12 at 86.75 4070521
INFO:root:2024-08-08 SELL SL at 91.96 4093714
INFO:root:Total Profit: 1.49
INFO:root:Total Loss: 6.39
INFO:root:Net Profit: -16.16
INFO:root:IBM
INFO:root:2018-01-19 SELL 6 at 155.23 8012285
INFO:root:2018-01-26 SELL SL at 159.98 7934523
INFO:root:2020-04-15 SELL 9 at 113.47 6102267
INFO:root:2020-04-21 TP at 107.13 6735097
INFO:root:2020-06-11 SELL 9 at 112.82 5529627
INFO:root:2020-10-08 SELL SL at 125.71 5136562
INFO:root:Total Profit: 6.34
INFO:root:Total Loss: 17.64
INFO:root:Net Profit: -87.45
INFO:root:ICE
INFO:root:2016-06-24 SELL 20 at 49.28 4113643
INFO:root:2016-06-30 SELL SL at 51.19 4540393
INFO:root:2023-08-04 BUY 9 at 114.0 2399964
INFO:root:2023-09-22 BUY SL at 110.17 2550493
INFO:root:Total Profit: 0
INFO:root:Total Loss: 5.74
INFO:root:Net Profit: -72.67
INFO:root:IDXX
INFO:root:Total Profit: 0
INFO:root:Total Loss: 0
INFO:root:Net Profit: 0
INFO:root:IEX
INFO:root:2011-09-02 SELL 29 at 34.68 440793
INFO:root:2011-09-22 TP at 30.09 567393
INFO:root:2020-04-17 BUY 7 at 152.73 747843
INFO:root:2020-04-28 TP at 162.12 518686
INFO:root:Total Profit: 13.98
INFO:root:Total Loss: 0
INFO:root:Net Profit: 198.84
INFO:root:IFF
INFO:root:2011-09-27 BUY 17 at 59.05 972586
INFO:root:2011-09-28 BUY SL at 56.84 963957
INFO:root:Total Profit: 0
INFO:root:Total Loss: 2.21
INFO:root:Net Profit: -37.57
INFO:root:INCY
INFO:root:Total Profit: 0
INFO:root:Total Loss: 0
INFO:root:Net Profit: 0
INFO:root:INTC
INFO:root:2022-09-13 SELL 34 at 29.29 39556829
INFO:root:2022-09-23 TP at 27.19 43053414
INFO:root:2024-04-03 SELL 25 at 40.33 47233329
INFO:root:2024-04-09 TP at 37.33 53867300
INFO:root:Total Profit: 5.1
INFO:root:Total Loss: 0
INFO:root:Net Profit: 146.4
INFO:root:INTU
INFO:root:2024-11-21 BUY 1 at 678.7 1828121
INFO:root:2024-11-22 BUY SL at 640.12 1981100
INFO:root:Total Profit: 0
INFO:root:Total Loss: 38.58
INFO:root:Net Profit: -38.58
INFO:root:INVH
INFO:root:2023-11-02 BUY 32 at 30.78 3336164
INFO:root:2023-11-14 TP at 33.54 3351000
INFO:root:Total Profit: 2.76
INFO:root:Total Loss: 0
INFO:root:Net Profit: 88.32
INFO:root:IP
INFO:root:2011-04-18 SELL 37 at 27.23 6413010
INFO:root:2011-04-20 SELL SL at 27.92 5840033
INFO:root:2011-09-27 BUY 41 at 24.42 6369475
INFO:root:2011-09-28 BUY SL at 22.67 6624367
INFO:root:2011-11-01 SELL 40 at 25.21 5404836
INFO:root:2011-11-03 SELL SL at 26.57 5376896
INFO:root:2012-09-21 BUY 30 at 33.16 5900731
INFO:root:2012-10-16 TP at 35.87 3590821
INFO:root:2019-12-10 SELL 23 at 43.8 2561509
INFO:root:2020-01-03 TP at 42.33 3168581
INFO:root:2020-04-30 SELL 31 at 32.43 4621652
INFO:root:2020-05-13 TP at 28.75 3737109
INFO:root:Total Profit: 7.86
INFO:root:Total Loss: 3.8
INFO:root:Net Profit: 77.51
INFO:root:IPG
INFO:root:2011-09-27 BUY 126 at 7.91 10680207
INFO:root:2011-09-28 BUY SL at 7.27 10781464
INFO:root:2020-05-01 SELL 61 at 16.43 6392393
INFO:root:2020-05-08 SELL SL at 17.32 5785636
INFO:root:2020-05-18 BUY 60 at 16.62 5176950
INFO:root:2020-05-27 TP at 18.68 4765950
INFO:root:2022-02-10 SELL 28 at 35.98 4918786
INFO:root:2022-05-24 TP at 27.67 3430564
INFO:root:2023-05-05 BUY 28 at 35.59 5608629
INFO:root:2023-05-17 TP at 37.19 4913836
INFO:root:Total Profit: 11.97
INFO:root:Total Loss: 1.53
INFO:root:Net Profit: 266.15
INFO:root:IQV
INFO:root:2020-04-21 SELL 8 at 122.0 1663493
INFO:root:2020-04-23 SELL SL at 127.67 1496636
INFO:root:2024-04-10 SELL 4 at 239.41 745843
INFO:root:2024-04-15 TP at 230.14 727507
INFO:root:Total Profit: 9.27
INFO:root:Total Loss: 5.67
INFO:root:Net Profit: -8.28
INFO:root:IR
INFO:root:2018-11-01 SELL 39 at 25.8 2152157
INFO:root:2018-11-06 SELL SL at 27.39 2576193
INFO:root:2020-05-18 BUY 35 at 28.7 2657657
INFO:root:2020-06-05 TP at 33.97 3696057
INFO:root:2020-06-11 SELL 33 at 30.75 4167264
INFO:root:2020-06-24 TP at 26.72 5718836
INFO:root:2023-03-21 BUY 18 at 55.9 3253000
INFO:root:2023-04-26 BUY SL at 53.41 1888493
INFO:root:2024-02-20 SELL 12 at 86.74 3278086
INFO:root:2024-02-22 SELL SL at 90.79 3209436
INFO:root:Total Profit: 9.3
INFO:root:Total Loss: 8.13
INFO:root:Net Profit: 162.01
INFO:root:IRM
INFO:root:Total Profit: 0
INFO:root:Total Loss: 0
INFO:root:Net Profit: 0
INFO:root:ISRG
INFO:root:2022-12-15 SELL 4 at 267.3 1989614
INFO:root:2022-12-16 TP at 261.06 2267493
INFO:root:Total Profit: 6.24
INFO:root:Total Loss: 0
INFO:root:Net Profit: 24.96
INFO:root:IT
INFO:root:2020-11-02 BUY 8 at 125.02 431071
INFO:root:2020-11-03 TP at 143.44 474257
INFO:root:Total Profit: 18.42
INFO:root:Total Loss: 0
INFO:root:Net Profit: 147.36
INFO:root:ITW
INFO:root:2011-09-09 SELL 24 at 42.51 4559843
INFO:root:2011-09-14 SELL SL at 44.8 4322214
INFO:root:2012-06-29 BUY 19 at 52.89 3510379
INFO:root:2012-07-11 BUY SL at 50.29 3375693
INFO:root:2015-09-08 BUY 12 at 84.16 1994400
INFO:root:2015-09-16 TP at 86.02 1633243
INFO:root:Total Profit: 1.86
INFO:root:Total Loss: 4.89
INFO:root:Net Profit: -82.04
INFO:root:IVZ
INFO:root:2011-11-01 SELL 53 at 18.82 6978257
INFO:root:2011-11-03 SELL SL at 20.45 6862150
INFO:root:2012-08-03 BUY 44 at 22.61 5970700
INFO:root:2012-08-10 TP at 23.75 5973036
INFO:root:2013-05-28 BUY 29 at 34.49 4061093
INFO:root:2013-06-03 BUY SL at 33.46 3747800
INFO:root:2014-03-04 BUY 29 at 34.45 3439257
INFO:root:2014-03-12 TP at 35.58 3909500
INFO:root:2016-06-24 SELL 39 at 25.57 5787864
INFO:root:2016-06-27 TP at 23.02 6176457
INFO:root:2020-09-28 BUY 87 at 11.49 8753107
INFO:root:2020-10-07 TP at 12.69 9962086
INFO:root:2021-09-20 SELL 42 at 23.97 5681793
INFO:root:2021-11-01 SELL SL at 26.53 4067507
INFO:root:2021-12-21 BUY 44 at 22.74 4171636
INFO:root:2022-01-04 TP at 24.52 3696021
INFO:root:2024-01-22 BUY 58 at 17.39 5061443
INFO:root:2024-01-23 BUY SL at 15.95 5554000
INFO:root:Total Profit: 7.8
INFO:root:Total Loss: 6.66
INFO:root:Net Profit: 57.8
INFO:root:J
INFO:root:2010-06-04 SELL 30 at 33.53 2677698
INFO:root:2010-06-29 TP at 30.53 1558374
INFO:root:2016-06-24 SELL 24 at 41.5 991783
INFO:root:2016-06-27 TP at 39.66 1037124
INFO:root:2020-03-24 BUY 17 at 58.05 2091646
INFO:root:2020-03-31 TP at 68.77 1890131
INFO:root:2020-06-16 BUY 14 at 71.11 1077351
INFO:root:2020-06-24 BUY SL at 69.24 1235903
INFO:root:Total Profit: 15.56
INFO:root:Total Loss: 1.87
INFO:root:Net Profit: 290.22
INFO:root:JBHT
INFO:root:2014-01-21 BUY 13 at 79.06 680243
INFO:root:2014-01-24 BUY SL at 76.3 782979
INFO:root:2020-06-11 SELL 9 at 112.74 930964
INFO:root:2020-06-17 SELL SL at 119.82 855300
INFO:root:Total Profit: 0
INFO:root:Total Loss: 9.84
INFO:root:Net Profit: -99.6
INFO:root:JBL
INFO:root:2010-03-24 SELL 60 at 16.53 3991486
INFO:root:2010-04-30 TP at 15.27 4077586
INFO:root:2010-05-14 SELL 71 at 14.12 4904636
INFO:root:2010-05-20 TP at 12.83 5174571
INFO:root:2011-09-07 BUY 59 at 16.84 4301479
INFO:root:2011-09-09 BUY SL at 15.76 3993750
INFO:root:2011-11-01 SELL 51 at 19.71 4558486
INFO:root:2011-11-03 SELL SL at 20.61 4521907
INFO:root:2013-05-28 BUY 51 at 19.7 1755657
INFO:root:2013-06-05 BUY SL at 19.28 1862764
INFO:root:2015-09-25 BUY 46 at 21.88 2857757
INFO:root:2015-11-20 TP at 25.22 2721764
INFO:root:2020-06-09 SELL 30 at 33.74 1246586
INFO:root:2020-06-11 TP at 29.77 1267079
INFO:root:2020-06-16 BUY 30 at 33.09 1322243
INFO:root:2020-06-24 BUY SL at 31.47 1771679
INFO:root:2024-06-20 SELL 9 at 111.79 1567757
INFO:root:2024-08-02 TP at 96.77 1585521
INFO:root:Total Profit: 24.88
INFO:root:Total Loss: 4.02
INFO:root:Net Profit: 395.47
INFO:root:JCI
INFO:root:Total Profit: 0
INFO:root:Total Loss: 0
INFO:root:Net Profit: 0
INFO:root:JKHY
INFO:root:Total Profit: 0
INFO:root:Total Loss: 0
INFO:root:Net Profit: 0
INFO:root:JNJ
INFO:root:2021-01-29 SELL 6 at 163.13 9922450
INFO:root:2021-03-04 TP at 151.47 8266729
INFO:root:Total Profit: 11.66
INFO:root:Total Loss: 0
INFO:root:Net Profit: 69.96
INFO:root:JNPR
INFO:root:2012-07-25 BUY 61 at 16.5 8851679
INFO:root:2012-08-06 TP at 18.71 14090921
INFO:root:2019-09-03 SELL 44 at 22.64 2968207
INFO:root:2019-09-04 SELL SL at 23.09 2915600
INFO:root:2021-07-29 BUY 36 at 27.41 3929407
INFO:root:2021-08-03 TP at 29.1 4080614
INFO:root:Total Profit: 3.9
INFO:root:Total Loss: 0.45
INFO:root:Net Profit: 175.85
INFO:root:JPM
INFO:root:2011-07-07 BUY 24 at 41.32 32348800
INFO:root:2011-07-11 BUY SL at 39.43 32737586
INFO:root:2011-09-07 BUY 29 at 34.82 43421600
INFO:root:2011-09-09 BUY SL at 32.08 43558143
INFO:root:2011-09-26 BUY 32 at 31.65 50427143
INFO:root:2011-10-03 BUY SL at 28.65 49694457
INFO:root:2011-11-01 SELL 31 at 32.71 52410571
INFO:root:2011-11-08 SELL SL at 35.02 43502114
INFO:root:2015-09-08 BUY 16 at 63.16 22720393
INFO:root:2015-09-18 BUY SL at 60.94 16956057
INFO:root:2016-02-12 BUY 17 at 57.49 25238643
INFO:root:2016-03-04 TP at 60.55 20310564
INFO:root:2020-11-04 SELL 10 at 100.25 14063500
INFO:root:2020-11-05 SELL SL at 104.35 14389386
INFO:root:Total Profit: 3.06
INFO:root:Total Loss: 16.26
INFO:root:Net Profit: -316.93
INFO:root:K
INFO:root:2023-06-28 SELL 16 at 61.55 3351320
INFO:root:2023-06-29 SELL SL at 62.74 3337543
INFO:root:Total Profit: 0
INFO:root:Total Loss: 1.19
INFO:root:Net Profit: -19.04
INFO:root:KDP
INFO:root:2022-10-28 BUY 25 at 39.55 6868964
INFO:root:2022-11-01 BUY SL at 37.84 6669179
INFO:root:Total Profit: 0
INFO:root:Total Loss: 1.71
INFO:root:Net Profit: -42.75
INFO:root:KEY
INFO:root:2015-08-27 BUY 72 at 13.88 11989243
INFO:root:2015-09-01 BUY SL at 13.09 11488264
INFO:root:2015-11-06 BUY 75 at 13.39 21819950
INFO:root:2015-11-12 BUY SL at 12.98 22897457
INFO:root:2020-06-11 SELL 79 at 12.7 15563021
INFO:root:2020-07-09 TP at 10.95 11557329
INFO:root:2020-11-04 SELL 80 at 12.54 8060986
INFO:root:2020-11-09 SELL SL at 15.2 10091157
INFO:root:2021-12-21 BUY 44 at 22.69 9031864
INFO:root:2022-01-04 TP at 24.87 7183643
INFO:root:2023-05-05 BUY 102 at 9.83 32838707
INFO:root:2023-05-11 BUY SL at 9.09 27908543
INFO:root:Total Profit: 3.93
INFO:root:Total Loss: 4.6
INFO:root:Net Profit: -141.74
INFO:root:KEYS
INFO:root:2015-08-24 SELL 33 at 30.59 826093
INFO:root:2015-09-03 SELL SL at 32.61 923050
INFO:root:2020-05-27 SELL 10 at 101.74 2002643
INFO:root:2020-05-28 SELL SL at 103.64 2137636
INFO:root:2022-08-22 SELL 6 at 170.6 788743
INFO:root:2022-09-01 TP at 161.06 934293
INFO:root:Total Profit: 9.54
INFO:root:Total Loss: 3.92
INFO:root:Net Profit: -28.42
INFO:root:KHC
INFO:root:Total Profit: 0
INFO:root:Total Loss: 0
INFO:root:Net Profit: 0
INFO:root:KIM
INFO:root:2020-04-07 BUY 109 at 9.15 9033557
INFO:root:2020-04-16 BUY SL at 8.48 8264571
INFO:root:2020-05-18 BUY 96 at 10.41 8218586
INFO:root:2020-05-26 TP at 12.42 9240664
INFO:root:2020-11-03 BUY 91 at 11.02 4245764
INFO:root:2020-11-06 BUY SL at 10.26 4286457
INFO:root:Total Profit: 2.01
INFO:root:Total Loss: 1.43
INFO:root:Net Profit: 50.77
INFO:root:KKR
INFO:root:2011-09-02 SELL 87 at 11.54 2059886
INFO:root:2011-09-12 TP at 10.42 1575493
INFO:root:2020-04-06 BUY 41 at 24.36 6476971
INFO:root:2020-04-21 BUY SL at 21.84 4671536
INFO:root:2022-11-17 SELL 19 at 51.94 3618129
INFO:root:2022-12-16 TP at 45.79 3694686
INFO:root:Total Profit: 7.27
INFO:root:Total Loss: 2.52
INFO:root:Net Profit: 110.97
INFO:root:KLAC
INFO:root:2023-05-25 BUY 2 at 434.25 975621
INFO:root:2023-05-26 TP at 465.0 1081043
INFO:root:Total Profit: 30.75
INFO:root:Total Loss: 0
INFO:root:Net Profit: 61.5
INFO:root:KMB
INFO:root:Total Profit: 0
INFO:root:Total Loss: 0
INFO:root:Net Profit: 0
INFO:root:KMI
INFO:root:2020-06-11 SELL 64 at 15.51 14138943
INFO:root:2020-07-09 TP at 13.9 13292979
INFO:root:Total Profit: 1.61
INFO:root:Total Loss: 0
INFO:root:Net Profit: 103.04
INFO:root:KMX
INFO:root:2010-06-04 SELL 48 at 20.93 2243307
INFO:root:2010-06-08 TP at 19.48 2456000
INFO:root:2020-05-05 BUY 14 at 72.97 2650536
INFO:root:2020-05-18 TP at 83.76 1659593
INFO:root:2020-09-24 SELL 11 at 94.28 1827393
INFO:root:2020-10-28 TP at 84.7 1458971
INFO:root:Total Profit: 21.82
INFO:root:Total Loss: 0
INFO:root:Net Profit: 326.04
INFO:root:KO
INFO:root:2011-09-27 BUY 29 at 34.78 25977129
INFO:root:2011-09-28 BUY SL at 34.03 25560343
INFO:root:2011-11-01 SELL 30 at 33.52 18051957
INFO:root:2011-11-03 SELL SL at 34.33 18444071
INFO:root:2021-12-06 BUY 18 at 54.91 18072407
INFO:root:2021-12-13 TP at 57.93 20577921
INFO:root:Total Profit: 3.02
INFO:root:Total Loss: 1.56
INFO:root:Net Profit: 8.31
INFO:root:KR
INFO:root:Total Profit: 0
INFO:root:Total Loss: 0
INFO:root:Net Profit: 0
INFO:root:KVUE
INFO:root:Total Profit: 0
INFO:root:Total Loss: 0
INFO:root:Net Profit: 0
INFO:root:L
INFO:root:2011-09-07 BUY 27 at 36.93 2429700
INFO:root:2011-09-21 BUY SL at 35.28 2006279
INFO:root:2022-02-25 BUY 16 at 61.83 814957
INFO:root:2022-03-22 TP at 64.9 1032600
INFO:root:Total Profit: 3.07
INFO:root:Total Loss: 1.65
INFO:root:Net Profit: 4.57
INFO:root:LDOS
INFO:root:2020-04-06 BUY 11 at 94.89 1520436
INFO:root:2020-04-24 TP at 102.34 1204671
INFO:root:Total Profit: 7.45
INFO:root:Total Loss: 0
INFO:root:Net Profit: 81.95
INFO:root:LEN
INFO:root:2010-04-27 SELL 54 at 18.62 8461062
INFO:root:2010-04-29 SELL SL at 20.18 8888013
INFO:root:2020-04-17 BUY 23 at 42.93 3956286
INFO:root:2020-04-20 BUY SL at 39.98 3900171
INFO:root:2022-02-09 BUY 10 at 96.34 2846850
INFO:root:2022-02-10 BUY SL at 91.98 2859214
INFO:root:Total Profit: 0
INFO:root:Total Loss: 8.87
INFO:root:Net Profit: -195.69
INFO:root:LH
INFO:root:2014-11-03 SELL 11 at 86.97 1508619
INFO:root:2014-12-26 SELL SL at 93.0 1556035
INFO:root:Total Profit: 0
INFO:root:Total Loss: 6.03
INFO:root:Net Profit: -66.33
INFO:root:LHX
INFO:root:2016-06-29 BUY 12 at 82.09 1179021
INFO:root:2016-07-12 TP at 85.44 869543
INFO:root:2020-06-11 SELL 5 at 196.51 1711893
INFO:root:2020-06-12 TP at 190.01 1728807
INFO:root:Total Profit: 9.85
INFO:root:Total Loss: 0
INFO:root:Net Profit: 72.7
INFO:root:LII
INFO:root:2023-09-22 BUY 3 at 374.5 319586
INFO:root:2023-09-26 BUY SL at 365.38 321886
INFO:root:Total Profit: 0
INFO:root:Total Loss: 9.12
INFO:root:Net Profit: -27.36
INFO:root:LIN
INFO:root:2011-09-27 BUY 10 at 96.52 1886500
INFO:root:2011-09-28 BUY SL at 94.21 1874593
INFO:root:2016-06-24 SELL 9 at 110.29 1429393
INFO:root:2016-06-27 TP at 106.31 1476536
INFO:root:2020-04-06 BUY 6 at 175.92 3496236
INFO:root:2020-04-07 TP at 185.45 3380071
INFO:root:2020-04-17 BUY 5 at 188.55 2772229
INFO:root:2020-04-21 BUY SL at 178.88 2628321
INFO:root:2020-06-24 SELL 5 at 206.07 2343036
INFO:root:2020-07-01 SELL SL at 214.77 2022814
INFO:root:2020-11-02 BUY 4 at 228.58 1715500
INFO:root:2020-11-03 TP at 235.37 1752564
INFO:root:2022-02-10 BUY 3 at 308.85 2193057
INFO:root:2022-02-11 BUY SL at 294.73 2145343
INFO:root:2022-02-22 SELL 3 at 293.59 2249179
INFO:root:2022-02-24 TP at 276.75 2574136
INFO:root:2022-02-25 BUY 3 at 297.49 2545371
INFO:root:2022-03-01 BUY SL at 282.56 2698664
INFO:root:2022-12-15 SELL 3 at 330.8 1778250
INFO:root:2022-12-22 TP at 323.05 1695807
INFO:root:2023-12-13 SELL 2 at 408.74 2320486
INFO:root:2024-02-15 SELL SL at 428.69 1866764
INFO:root:Total Profit: 44.89
INFO:root:Total Loss: 69.68
INFO:root:Net Profit: -48.07
INFO:root:LKQ
INFO:root:2020-04-07 BUY 48 at 20.94 3926336
INFO:root:2020-04-16 BUY SL at 19.84 2953600
INFO:root:2020-05-18 BUY 39 at 25.78 2833629
INFO:root:2020-05-27 TP at 28.54 2027986
INFO:root:Total Profit: 2.76
INFO:root:Total Loss: 1.1
INFO:root:Net Profit: 54.84
INFO:root:LLY
INFO:root:2011-09-27 BUY 27 at 37.18 8510836
INFO:root:2011-10-03 BUY SL at 36.33 9132321
INFO:root:2015-09-01 SELL 13 at 79.8 5074050
INFO:root:2015-09-02 SELL SL at 81.81 5145764
INFO:root:2015-10-12 SELL 13 at 79.44 7274586
INFO:root:2015-12-01 SELL SL at 86.5 3817471
INFO:root:2024-05-03 SELL 1 at 734.97 3050957
INFO:root:2024-05-06 SELL SL at 766.68 3110136
INFO:root:Total Profit: 0
INFO:root:Total Loss: 41.63
INFO:root:Net Profit: -172.57
INFO:root:LMT
INFO:root:Total Profit: 0
INFO:root:Total Loss: 0
INFO:root:Net Profit: 0
INFO:root:LNT
INFO:root:Total Profit: 0
INFO:root:Total Loss: 0
INFO:root:Net Profit: 0
INFO:root:LOW
INFO:root:2013-08-21 BUY 22 at 45.81 9078643
INFO:root:2013-09-19 TP at 49.17 6303521
INFO:root:2020-04-15 SELL 11 at 94.34 7007200
INFO:root:2020-04-17 SELL SL at 97.1 6948721
INFO:root:Total Profit: 3.36
INFO:root:Total Loss: 2.76
INFO:root:Net Profit: 43.56
INFO:root:LRCX
INFO:root:2011-04-21 SELL 204 at 4.9 25120929
INFO:root:2011-05-03 TP at 4.64 28467714
INFO:root:2011-09-07 BUY 269 at 3.72 22771000
INFO:root:2011-09-14 TP at 4.04 27938786
INFO:root:2012-07-06 SELL 282 at 3.55 34108214
INFO:root:2012-07-12 TP at 3.35 39674429
INFO:root:2024-01-26 SELL 12 at 83.9 12631929
INFO:root:2024-02-09 SELL SL at 91.16 12566500
INFO:root:Total Profit: 0.78
INFO:root:Total Loss: 7.26
INFO:root:Net Profit: 108.4
INFO:root:LULU
INFO:root:2011-12-02 BUY 20 at 49.69 5114829
INFO:root:2011-12-06 BUY SL at 45.54 5702193
INFO:root:2013-06-11 SELL 15 at 67.85 3846679
INFO:root:2013-06-20 TP at 62.1 7268186
INFO:root:2019-01-14 BUY 7 at 139.73 2781536
INFO:root:2019-01-18 TP at 152.18 2952300
INFO:root:Total Profit: 18.2
INFO:root:Total Loss: 4.15
INFO:root:Net Profit: 90.4
INFO:root:LUV
INFO:root:2014-12-10 BUY 24 at 41.48 9179907
INFO:root:2014-12-16 BUY SL at 39.58 9785486
INFO:root:Total Profit: 0
INFO:root:Total Loss: 1.9
INFO:root:Net Profit: -45.6
INFO:root:LVS
INFO:root:2010-02-18 SELL 63 at 15.91 27269036
INFO:root:2010-03-02 SELL SL at 17.11 24242400
INFO:root:2011-03-31 SELL 24 at 42.22 25124836
INFO:root:2011-04-01 SELL SL at 43.65 25431129
INFO:root:2014-12-18 BUY 18 at 54.39 7651336
INFO:root:2014-12-23 TP at 58.55 7944814
INFO:root:2019-09-03 SELL 18 at 54.28 3236936
INFO:root:2019-09-05 SELL SL at 56.13 3549771
INFO:root:2020-04-07 BUY 23 at 42.7 8980250
INFO:root:2020-04-09 TP at 49.89 8311857
INFO:root:2020-05-26 BUY 20 at 49.93 6477007
INFO:root:2020-05-29 BUY SL at 47.94 6605793
INFO:root:2024-11-08 SELL 20 at 50.38 6191814
INFO:root:2024-11-15 TP at 47.72 6467664
INFO:root:Total Profit: 14.01
INFO:root:Total Loss: 6.47
INFO:root:Net Profit: 110.43
INFO:root:LW
INFO:root:2020-04-15 SELL 18 at 55.91 2151793
INFO:root:2020-04-17 SELL SL at 59.92 2077021
INFO:root:Total Profit: 0
INFO:root:Total Loss: 4.01
INFO:root:Net Profit: -72.18
INFO:root:LYB
INFO:root:2010-05-27 BUY 56 at 17.9 4773686
INFO:root:2010-06-02 BUY SL at 17.33 4041586
INFO:root:2011-11-30 BUY 31 at 32.67 6813200
INFO:root:2011-12-14 BUY SL at 30.7 3843386
INFO:root:2012-09-04 SELL 21 at 47.01 6134107
INFO:root:2012-09-07 SELL SL at 49.46 7046300
INFO:root:2012-11-19 BUY 21 at 48.0 5562371
INFO:root:2012-12-07 TP at 53.86 5295457
INFO:root:2019-09-03 SELL 13 at 74.82 2806857
INFO:root:2019-09-05 SELL SL at 77.6 2802914
INFO:root:2022-06-03 SELL 9 at 107.4 2911450
INFO:root:2022-06-13 TP at 96.96 2874586
INFO:root:2022-09-13 SELL 12 at 81.06 2148536
INFO:root:2022-09-16 TP at 75.9 2719414
INFO:root:2022-11-04 BUY 12 at 83.66 2825229
INFO:root:2022-11-09 BUY SL at 80.1 2778921
INFO:root:2023-03-20 BUY 11 at 87.14 2437379
INFO:root:2023-04-03 TP at 96.53 2721757
INFO:root:Total Profit: 30.85
INFO:root:Total Loss: 11.33
INFO:root:Net Profit: 158.93
INFO:root:LYV
INFO:root:2011-09-07 BUY 113 at 8.87 1431436
INFO:root:2011-09-09 BUY SL at 8.12 1303179
INFO:root:2020-10-12 SELL 18 at 55.84 1625343
INFO:root:2020-10-15 TP at 52.5 1435793
INFO:root:Total Profit: 3.34
INFO:root:Total Loss: 0.75
INFO:root:Net Profit: -24.63
INFO:root:MA
INFO:root:2011-11-02 BUY 28 at 35.77 12206357
INFO:root:2011-12-01 TP at 38.2 9711000
INFO:root:2020-04-01 SELL 4 at 228.61 10154193
INFO:root:2020-04-06 SELL SL at 265.94 9049529
INFO:root:2021-07-23 BUY 3 at 393.26 3586464
INFO:root:2021-08-02 BUY SL at 375.26 3532150
INFO:root:Total Profit: 2.43
INFO:root:Total Loss: 55.33
INFO:root:Net Profit: -135.28
INFO:root:MAA
INFO:root:Total Profit: 0
INFO:root:Total Loss: 0
INFO:root:Net Profit: 0
INFO:root:MAR
INFO:root:2011-09-07 BUY 38 at 26.06 5245516
INFO:root:2011-09-09 BUY SL at 24.58 4805095
INFO:root:2017-08-08 SELL 10 at 103.95 2302921
INFO:root:2017-08-18 TP at 96.9 2669757
INFO:root:2020-04-07 BUY 14 at 73.82 10303814
INFO:root:2020-04-09 TP at 89.03 9148714
INFO:root:2020-05-01 SELL 12 at 84.75 4922243
INFO:root:2020-05-13 TP at 74.57 4594486
INFO:root:2021-11-29 BUY 7 at 150.77 2038879
INFO:root:2021-11-30 BUY SL at 147.56 2159693
INFO:root:2022-10-07 SELL 7 at 141.5 2241657
INFO:root:2022-10-14 SELL SL at 143.53 1986286
INFO:root:Total Profit: 32.44
INFO:root:Total Loss: 6.72
INFO:root:Net Profit: 312.68
INFO:root:MAS
INFO:root:2011-06-15 SELL 96 at 10.4 8045985
INFO:root:2011-06-20 SELL SL at 10.71 8081385
INFO:root:2016-06-24 SELL 33 at 30.18 3892436
INFO:root:2016-07-07 SELL SL at 31.2 4008521
INFO:root:2023-10-26 BUY 19 at 51.53 1946114
INFO:root:2023-11-03 TP at 55.99 2288086
INFO:root:Total Profit: 4.46
INFO:root:Total Loss: 1.33
INFO:root:Net Profit: 21.32
INFO:root:MCD
INFO:root:2020-04-06 BUY 6 at 177.04 8367486
INFO:root:2020-04-07 TP at 185.19 8026107
INFO:root:2020-04-22 BUY 5 at 186.48 5361029
INFO:root:2020-05-05 BUY SL at 179.24 4634457
INFO:root:2020-06-11 SELL 5 at 187.51 3896093
INFO:root:2020-06-25 TP at 180.33 4108057
INFO:root:Total Profit: 15.33
INFO:root:Total Loss: 7.24
INFO:root:Net Profit: 48.6
INFO:root:MCHP
INFO:root:2011-09-02 SELL 64 at 15.68 6200329
INFO:root:2011-09-07 SELL SL at 16.31 5782600
INFO:root:2011-11-01 SELL 58 at 17.24 6582600
INFO:root:2011-11-04 SELL SL at 18.51 5446014
INFO:root:2015-09-08 BUY 45 at 22.43 6627443
INFO:root:2015-09-23 BUY SL at 20.67 5865357
INFO:root:2019-11-06 SELL 21 at 47.81 4425786
INFO:root:2019-12-06 SELL SL at 49.38 4168386
INFO:root:2020-01-07 BUY 18 at 55.35 5662871
INFO:root:2020-01-27 BUY SL at 51.49 5992971
INFO:root:2020-04-15 SELL 25 at 39.28 8366514
INFO:root:2020-04-24 SELL SL at 41.01 6555700
INFO:root:2020-05-01 SELL 25 at 40.76 5490543
INFO:root:2020-05-08 SELL SL at 44.85 5323714
INFO:root:2022-09-13 SELL 16 at 63.16 4664629
INFO:root:2022-09-19 SELL SL at 66.89 4961750
INFO:root:2023-11-02 BUY 14 at 73.6 5560250
INFO:root:2023-11-03 TP at 77.0 5931314
INFO:root:Total Profit: 3.4
INFO:root:Total Loss: 18.64
INFO:root:Net Profit: -453.21
INFO:root:MCK
INFO:root:2020-06-16 BUY 6 at 156.32 1521236
INFO:root:2020-06-24 BUY SL at 150.56 1185621
INFO:root:Total Profit: 0
INFO:root:Total Loss: 5.76
INFO:root:Net Profit: -34.56
INFO:root:MCO
INFO:root:2022-12-15 SELL 3 at 286.86 791107
INFO:root:2022-12-16 TP at 279.15 812307
INFO:root:Total Profit: 7.71
INFO:root:Total Loss: 0
INFO:root:Net Profit: 23.13
INFO:root:MDB
INFO:root:2022-08-25 BUY 3 at 363.74 938029
INFO:root:2022-08-29 BUY SL at 332.07 1028521
INFO:root:2023-04-26 BUY 4 at 238.22 1554836
INFO:root:2023-05-02 BUY SL at 217.99 1382571
INFO:root:2024-12-10 SELL 3 at 290.9 2694657
INFO:root:2024-12-12 TP at 284.29 2763329
INFO:root:Total Profit: 6.61
INFO:root:Total Loss: 51.9
INFO:root:Net Profit: -156.1
INFO:root:MDLZ
INFO:root:Total Profit: 0
INFO:root:Total Loss: 0
INFO:root:Net Profit: 0
INFO:root:MDT
INFO:root:2011-09-09 SELL 30 at 33.38 7758421
INFO:root:2011-09-16 SELL SL at 35.02 6299550
INFO:root:2011-11-22 BUY 29 at 34.75 5607193
INFO:root:2011-11-30 TP at 36.87 5888507
INFO:root:2021-10-18 SELL 8 at 120.72 4769164
INFO:root:2021-11-23 TP at 111.11 5591407
INFO:root:Total Profit: 11.73
INFO:root:Total Loss: 1.64
INFO:root:Net Profit: 89.16
INFO:root:MELI
INFO:root:2011-11-03 BUY 12 at 83.04 921121
INFO:root:2011-12-05 TP at 92.75 602921
INFO:root:2012-08-03 BUY 12 at 82.68 880586
INFO:root:2012-08-07 TP at 90.91 953764
INFO:root:2019-08-12 SELL 2 at 623.65 648500
INFO:root:2019-09-03 TP at 573.92 397043
INFO:root:2022-02-03 SELL 1 at 999.74 682721
INFO:root:2022-02-09 SELL SL at 1133.2 644957
INFO:root:2023-08-03 BUY 1 at 1323.11 653229
INFO:root:2023-08-07 TP at 1370.0 675993
INFO:root:2024-11-29 SELL 1 at 1985.17 481350
INFO:root:2024-12-02 TP at 1931.79 438321
INFO:root:Total Profit: 167.94
INFO:root:Total Loss: 133.46
INFO:root:Net Profit: 281.55
INFO:root:MET
INFO:root:2011-04-20 BUY 26 at 39.07 7047578
INFO:root:2011-04-27 TP at 40.51 6557032
INFO:root:2011-09-02 SELL 36 at 27.42 11873950
INFO:root:2011-09-15 SELL SL at 28.98 12071606
INFO:root:2011-09-27 BUY 38 at 26.05 15242586
INFO:root:2011-09-28 BUY SL at 25.12 14935647
INFO:root:2011-11-01 SELL 34 at 29.38 17978696
INFO:root:2011-11-02 SELL SL at 30.76 17944274
INFO:root:2015-09-01 SELL 23 at 42.77 9225893
INFO:root:2015-09-15 SELL SL at 43.95 7705960
INFO:root:2020-04-06 BUY 33 at 30.63 9629479
INFO:root:2020-04-09 TP at 36.36 8760979
INFO:root:2020-05-18 BUY 30 at 33.42 6695171
INFO:root:2020-05-27 TP at 38.45 6635471
INFO:root:2023-03-21 BUY 17 at 58.53 8105386
INFO:root:2023-03-22 BUY SL at 56.11 8013471
INFO:root:2024-11-06 BUY 12 at 83.25 3326879
INFO:root:2024-11-27 TP at 89.05 3108286
INFO:root:Total Profit: 18.0
INFO:root:Total Loss: 7.47
INFO:root:Net Profit: 240.33
INFO:root:META
INFO:root:2012-10-31 SELL 47 at 21.11 60108157
INFO:root:2012-11-14 SELL SL at 22.36 78099700
INFO:root:2014-01-30 BUY 16 at 61.08 59320200
INFO:root:2014-02-14 TP at 67.58 63551336
INFO:root:2015-08-25 BUY 12 at 83.0 34069286
INFO:root:2015-09-17 TP at 95.51 26719121
INFO:root:2018-07-26 SELL 6 at 176.26 29603164
INFO:root:2018-07-30 TP at 166.56 36318521
INFO:root:2020-04-22 BUY 5 at 182.28 23463929
INFO:root:2020-04-24 TP at 190.41 23703143
INFO:root:2020-11-10 SELL 4 at 272.43 24785357
INFO:root:2020-11-16 SELL SL at 278.96 23310557
INFO:root:2022-09-13 SELL 7 at 153.13 24448014
INFO:root:2022-09-16 TP at 144.29 28542850
INFO:root:Total Profit: 45.68
INFO:root:Total Loss: 7.78
INFO:root:Net Profit: 329.98
INFO:root:MGM
INFO:root:2018-11-21 BUY 38 at 26.06 6907907
INFO:root:2018-11-28 TP at 27.99 7223286
INFO:root:2020-11-12 SELL 42 at 23.69 11993207
INFO:root:2020-11-13 SELL SL at 25.9 12461550
INFO:root:2022-11-10 BUY 28 at 35.31 6229893
INFO:root:2022-12-19 BUY SL at 34.22 4918521
INFO:root:Total Profit: 1.93
INFO:root:Total Loss: 3.3
INFO:root:Net Profit: -50.0
INFO:root:MHK
INFO:root:2010-08-11 SELL 21 at 48.0 801586
INFO:root:2010-08-16 TP at 44.42 855686
INFO:root:2020-04-07 BUY 12 at 81.18 1339621
INFO:root:2020-04-09 TP at 90.94 1232029
INFO:root:2022-03-30 SELL 8 at 130.93 767750
INFO:root:2022-03-31 TP at 124.19 769407
INFO:root:Total Profit: 20.08
INFO:root:Total Loss: 0
INFO:root:Net Profit: 246.22
INFO:root:MKC
INFO:root:2024-06-27 BUY 14 at 70.6 2186307
INFO:root:2024-07-17 TP at 75.29 2493879
INFO:root:Total Profit: 4.69
INFO:root:Total Loss: 0
INFO:root:Net Profit: 65.66
INFO:root:MKTX
INFO:root:2012-02-23 BUY 30 at 33.46 363443
INFO:root:2012-03-13 TP at 37.06 463593
INFO:root:2012-09-26 SELL 33 at 30.5 352000
INFO:root:2012-11-12 TP at 27.9 185643
INFO:root:Total Profit: 6.2
INFO:root:Total Loss: 0
INFO:root:Net Profit: 193.8
INFO:root:MLM
INFO:root:2011-02-09 SELL 11 at 88.13 515314
INFO:root:2011-02-14 SELL SL at 90.8 482243
INFO:root:2020-06-16 BUY 5 at 214.13 731543
INFO:root:2020-07-21 TP at 227.18 506607
INFO:root:Total Profit: 13.05
INFO:root:Total Loss: 2.67
INFO:root:Net Profit: 35.88
INFO:root:MMC
INFO:root:2015-09-08 BUY 18 at 54.26 3152750
INFO:root:2015-09-24 BUY SL at 52.19 3158600
INFO:root:Total Profit: 0
INFO:root:Total Loss: 2.07
INFO:root:Net Profit: -37.26
INFO:root:MMM
INFO:root:2011-09-09 SELL 16 at 64.09 6058663
INFO:root:2011-09-14 SELL SL at 66.42 6254328
INFO:root:2011-09-27 BUY 16 at 63.78 6675585
INFO:root:2011-09-28 BUY SL at 61.54 6778945
INFO:root:2011-11-01 SELL 16 at 63.99 6364565
INFO:root:2011-11-03 SELL SL at 66.59 6478160
INFO:root:2016-10-25 SELL 7 at 138.99 2284480
INFO:root:2016-11-08 SELL SL at 143.0 2615071
INFO:root:2019-01-28 SELL 6 at 161.54 2753696
INFO:root:2019-01-29 SELL SL at 164.67 2910142
INFO:root:2020-02-13 SELL 7 at 133.58 4908828
INFO:root:2020-02-24 TP at 127.27 3610818
INFO:root:2020-06-11 SELL 8 at 127.41 4947459
INFO:root:2020-08-12 SELL SL at 137.34 3690130
INFO:root:Total Profit: 6.31
INFO:root:Total Loss: 24.24
INFO:root:Net Profit: -196.84
INFO:root:MNST
INFO:root:Total Profit: 0
INFO:root:Total Loss: 0
INFO:root:Net Profit: 0
INFO:root:MO
INFO:root:2020-06-11 SELL 25 at 39.29 10379093
INFO:root:2020-06-18 SELL SL at 41.47 9816536
INFO:root:2024-08-01 BUY 20 at 50.02 8554107
INFO:root:2024-08-26 TP at 53.08 7305729
INFO:root:Total Profit: 3.06
INFO:root:Total Loss: 2.18
INFO:root:Net Profit: 6.7
INFO:root:MOH
INFO:root:2012-06-08 BUY 45 at 22.46 1433636
INFO:root:2013-02-08 TP at 32.8 340314
INFO:root:2016-11-09 SELL 20 at 49.49 1314857
INFO:root:2016-12-27 SELL SL at 55.11 849050
INFO:root:2024-10-24 BUY 3 at 323.59 935064
INFO:root:2024-11-15 BUY SL at 294.34 725271
INFO:root:Total Profit: 10.34
INFO:root:Total Loss: 34.87
INFO:root:Net Profit: 265.15
INFO:root:MOS
INFO:root:2010-08-25 SELL 18 at 56.29 7164021
INFO:root:2010-08-27 SELL SL at 58.27 7275736
INFO:root:2012-11-19 BUY 20 at 51.2 3044514
INFO:root:2012-11-20 TP at 53.18 3194257
INFO:root:Total Profit: 1.98
INFO:root:Total Loss: 1.98
INFO:root:Net Profit: 3.96
INFO:root:MPC
INFO:root:2011-10-27 BUY 54 at 18.67 7069129
INFO:root:2011-11-16 BUY SL at 16.32 8518086
INFO:root:2020-02-18 SELL 18 at 56.47 6579114
INFO:root:2020-02-19 SELL SL at 57.69 6375550
INFO:root:2020-02-24 SELL 18 at 55.87 6964050
INFO:root:2020-02-26 TP at 52.09 7080500
INFO:root:2020-06-11 SELL 28 at 35.33 9355036
INFO:root:2020-07-29 SELL SL at 39.91 6279836
INFO:root:2020-10-01 SELL 36 at 27.71 8232400
INFO:root:2020-10-05 SELL SL at 29.24 8187693
INFO:root:2021-07-21 BUY 18 at 54.08 6331129
INFO:root:2021-08-05 TP at 57.33 4967479
INFO:root:2022-07-15 BUY 12 at 84.42 5477543
INFO:root:2022-07-19 TP at 88.28 5320671
INFO:root:2024-08-06 BUY 6 at 170.89 2319271
INFO:root:2024-08-14 TP at 179.62 2239479
INFO:root:Total Profit: 19.62
INFO:root:Total Loss: 9.68
INFO:root:Net Profit: -106.94
INFO:root:MPWR
INFO:root:2019-08-06 BUY 7 at 145.25 298836
INFO:root:2019-09-05 TP at 157.13 219150
INFO:root:2021-03-12 SELL 3 at 331.0 555621
INFO:root:2021-03-15 SELL SL at 341.64 542014
INFO:root:2022-09-09 BUY 2 at 447.2 545557
INFO:root:2022-09-13 BUY SL at 422.33 563629
INFO:root:2023-05-25 BUY 2 at 488.32 715050
INFO:root:2023-05-26 TP at 532.0 808536
INFO:root:Total Profit: 55.56
INFO:root:Total Loss: 35.51
INFO:root:Net Profit: 88.86
INFO:root:MRK
INFO:root:Total Profit: 0
INFO:root:Total Loss: 0
INFO:root:Net Profit: 0
INFO:root:MRNA
INFO:root:2022-12-13 BUY 5 at 197.54 5023607
INFO:root:2022-12-14 TP at 217.25 6389564
INFO:root:Total Profit: 19.71
INFO:root:Total Loss: 0
INFO:root:Net Profit: 98.55
INFO:root:MRVL
INFO:root:2011-09-07 BUY 74 at 13.5 12172414
INFO:root:2011-09-12 TP at 14.4 11062279
INFO:root:2016-04-05 BUY 92 at 10.88 4905436
INFO:root:2016-04-18 BUY SL at 9.9 6463914
INFO:root:2019-02-07 SELL 55 at 18.33 13834929
INFO:root:2019-02-11 SELL SL at 19.05 12992443
INFO:root:2020-02-11 BUY 39 at 25.5 11635829
INFO:root:2020-02-21 BUY SL at 24.43 9644714
INFO:root:2024-03-21 BUY 15 at 66.59 20394043
INFO:root:2024-03-27 TP at 72.77 18964157
INFO:root:Total Profit: 7.08
INFO:root:Total Loss: 2.77
INFO:root:Net Profit: -12.19
INFO:root:MS
INFO:root:2011-11-01 SELL 62 at 16.23 38275507
INFO:root:2011-11-21 TP at 13.21 33246143
INFO:root:2016-06-24 SELL 41 at 24.52 16921743
INFO:root:2016-06-27 TP at 23.11 18027807
INFO:root:2019-01-17 SELL 24 at 42.53 15018114
INFO:root:2019-01-18 SELL SL at 43.69 15572414
INFO:root:2019-09-04 BUY 24 at 41.53 9584629
INFO:root:2019-09-05 TP at 43.11 9390557
INFO:root:Total Profit: 6.01
INFO:root:Total Loss: 1.16
INFO:root:Net Profit: 255.13
INFO:root:MSCI
INFO:root:2011-09-07 BUY 30 at 33.41 783371
INFO:root:2011-09-09 BUY SL at 31.69 768386
INFO:root:2011-11-01 SELL 32 at 31.47 550786
INFO:root:2011-11-03 SELL SL at 34.1 590893
INFO:root:2016-06-24 SELL 14 at 73.73 785900
INFO:root:2016-06-27 TP at 71.51 769950
INFO:root:2021-12-14 SELL 2 at 591.07 373550
INFO:root:2021-12-17 TP at 581.45 403357
INFO:root:2022-10-07 SELL 2 at 419.84 411271
INFO:root:2022-10-10 TP at 403.35 421907
INFO:root:Total Profit: 28.33
INFO:root:Total Loss: 4.35
INFO:root:Net Profit: -52.46
INFO:root:MSFT
INFO:root:2020-11-04 BUY 5 at 216.39 31032357
INFO:root:2020-11-05 TP at 224.12 31748229
INFO:root:2022-10-07 SELL 4 at 234.24 29255007
INFO:root:2022-10-10 TP at 226.73 29475243
INFO:root:2024-04-26 BUY 2 at 406.32 20821164
INFO:root:2024-04-30 BUY SL at 389.33 22223636
INFO:root:Total Profit: 15.24
INFO:root:Total Loss: 16.99
INFO:root:Net Profit: 34.71
INFO:root:MSI
INFO:root:2011-09-07 BUY 24 at 41.69 3712471
INFO:root:2011-09-15 TP at 43.88 3709807
INFO:root:2020-04-21 SELL 7 at 144.68 1199493
INFO:root:2020-05-01 TP at 138.46 1144393
INFO:root:Total Profit: 8.41
INFO:root:Total Loss: 0
INFO:root:Net Profit: 96.1
INFO:root:MSTR
INFO:root:2010-11-04 BUY 113 at 8.84 1255571
INFO:root:2010-12-22 BUY SL at 8.56 836571
INFO:root:2021-12-07 BUY 16 at 62.82 5230214
INFO:root:2021-12-09 BUY SL at 59.19 5049214
INFO:root:2022-03-10 SELL 24 at 42.11 4587714
INFO:root:2022-03-18 SELL SL at 45.43 4448929
INFO:root:2024-06-13 SELL 7 at 148.39 12876143
INFO:root:2024-06-24 TP at 132.55 12384000
INFO:root:Total Profit: 15.84
INFO:root:Total Loss: 7.23
INFO:root:Net Profit: -58.52
INFO:root:MTB
INFO:root:2011-09-07 BUY 13 at 75.59 1104593
INFO:root:2011-09-09 BUY SL at 70.5 1085593
INFO:root:2012-08-03 BUY 11 at 87.42 577171
INFO:root:2012-08-27 TP at 90.5 511921
INFO:root:2019-08-20 SELL 7 at 146.36 765664
INFO:root:2019-08-23 TP at 143.01 636629
INFO:root:2020-11-09 BUY 8 at 123.92 1293579
INFO:root:2021-01-06 TP at 140.71 845429
INFO:root:2021-12-21 BUY 7 at 149.05 994486
INFO:root:2022-01-03 TP at 158.64 827350
INFO:root:2022-07-15 BUY 6 at 156.21 927986
INFO:root:2022-07-19 TP at 165.53 968714
INFO:root:2024-04-15 BUY 7 at 140.94 1095300
INFO:root:2024-04-16 BUY SL at 137.39 1125879
INFO:root:Total Profit: 42.13
INFO:root:Total Loss: 8.64
INFO:root:Net Profit: 223.68
INFO:root:MTCH
INFO:root:2019-11-07 BUY 14 at 69.7 2733450
INFO:root:2019-12-19 TP at 77.97 2159557
INFO:root:2024-08-05 SELL 28 at 35.66 7103993
INFO:root:2024-08-19 SELL SL at 36.58 6008471
INFO:root:Total Profit: 8.27
INFO:root:Total Loss: 0.92
INFO:root:Net Profit: 90.02
INFO:root:MTD
INFO:root:Total Profit: 0
INFO:root:Total Loss: 0
INFO:root:Net Profit: 0
INFO:root:MU
INFO:root:2011-09-07 BUY 165 at 6.06 36656600
INFO:root:2011-09-08 TP at 6.63 37903857
INFO:root:2017-02-21 BUY 42 at 23.77 27717771
INFO:root:2017-02-24 BUY SL at 23.24 24783736
INFO:root:2019-04-04 SELL 23 at 42.89 35715693
INFO:root:2019-05-07 TP at 39.73 21090086
INFO:root:2019-06-12 SELL 30 at 32.96 23752464
INFO:root:2019-06-26 SELL SL at 37.04 30667621
INFO:root:2019-12-04 BUY 22 at 46.3 15605850
INFO:root:2019-12-12 TP at 51.33 17636007
INFO:root:2024-03-11 SELL 11 at 94.51 18112929
INFO:root:2024-03-12 SELL SL at 97.42 18473650
INFO:root:2024-11-12 SELL 10 at 104.1 15134964
INFO:root:2024-11-15 TP at 95.64 16387957
INFO:root:Total Profit: 17.22
INFO:root:Total Loss: 7.52
INFO:root:Net Profit: 185.32
INFO:root:NCLH
INFO:root:2016-06-24 SELL 25 at 40.38 1726557
INFO:root:2016-07-12 SELL SL at 44.55 2627929
INFO:root:2020-04-13 SELL 88 at 11.36 40067093
INFO:root:2020-04-14 SELL SL at 12.35 39487007
INFO:root:2020-09-25 BUY 60 at 16.63 27697521
INFO:root:2020-09-30 TP at 18.23 27287157
INFO:root:2023-08-01 SELL 52 at 19.41 16238993
INFO:root:2023-09-01 TP at 16.26 8201943
INFO:root:Total Profit: 4.75
INFO:root:Total Loss: 5.16
INFO:root:Net Profit: 68.43
INFO:root:NDAQ
INFO:root:2011-09-07 BUY 127 at 7.85 6705986
INFO:root:2011-09-15 TP at 8.41 7864650
INFO:root:Total Profit: 0.56
INFO:root:Total Loss: 0
INFO:root:Net Profit: 71.12
INFO:root:NDSN
INFO:root:2011-09-27 BUY 24 at 42.09 696779
INFO:root:2011-09-28 BUY SL at 40.02 652029
INFO:root:2020-04-06 BUY 7 at 139.69 383129
INFO:root:2020-04-07 TP at 148.72 381036
INFO:root:Total Profit: 9.03
INFO:root:Total Loss: 2.07
INFO:root:Net Profit: 13.53
INFO:root:NEE
INFO:root:2020-09-16 SELL 14 at 70.09 7161086
INFO:root:2020-09-30 TP at 66.79 9481629
INFO:root:Total Profit: 3.3
INFO:root:Total Loss: 0
INFO:root:Net Profit: 46.2
INFO:root:NEM
INFO:root:2011-01-04 SELL 17 at 59.08 4829607
INFO:root:2011-01-14 TP at 55.19 7154114
INFO:root:2014-04-21 BUY 40 at 25.05 7343893
INFO:root:2014-05-07 BUY SL at 24.01 9579957
INFO:root:2017-01-31 BUY 28 at 36.28 7125086
INFO:root:2017-02-27 BUY SL at 33.97 6231993
INFO:root:2020-03-02 BUY 21 at 46.83 10116264
INFO:root:2020-03-12 BUY SL at 44.44 13172971
INFO:root:2020-08-17 BUY 15 at 68.35 7214786
INFO:root:2020-08-25 BUY SL at 64.86 6161571
INFO:root:Total Profit: 3.89
INFO:root:Total Loss: 9.23
INFO:root:Net Profit: -142.69
INFO:root:NFLX
INFO:root:2012-10-09 SELL 107 at 9.36 47168100
INFO:root:2012-10-24 TP at 8.2 46463550
INFO:root:2014-07-22 SELL 16 at 61.58 21001300
INFO:root:2014-08-07 SELL SL at 64.24 19507700
INFO:root:2015-08-27 BUY 8 at 117.66 23113857
INFO:root:2015-09-01 BUY SL at 105.79 25569500
INFO:root:2016-07-26 BUY 11 at 91.41 17133914
INFO:root:2016-10-05 TP at 106.97 10024657
INFO:root:Total Profit: 16.72
INFO:root:Total Loss: 14.53
INFO:root:Net Profit: 157.76
INFO:root:NI
INFO:root:Total Profit: 0
INFO:root:Total Loss: 0
INFO:root:Net Profit: 0
INFO:root:NKE
INFO:root:2011-09-23 BUY 45 at 22.16 16012743
INFO:root:2011-10-03 BUY SL at 20.76 17489057
INFO:root:2016-06-20 BUY 18 at 54.36 13010014
INFO:root:2016-06-24 BUY SL at 52.59 10982421
INFO:root:2020-04-21 SELL 12 at 85.2 8427550
INFO:root:2020-04-22 SELL SL at 88.77 8191243
INFO:root:2021-12-21 BUY 6 at 166.63 6535514
INFO:root:2022-01-07 BUY SL at 156.97 5260636
INFO:root:2022-10-04 BUY 11 at 88.64 13163336
INFO:root:2022-11-11 TP at 107.21 8321243
INFO:root:2022-12-21 BUY 9 at 115.78 10111414
INFO:root:2023-01-06 TP at 125.36 10873307
INFO:root:Total Profit: 28.15
INFO:root:Total Loss: 16.4
INFO:root:Net Profit: 94.83
INFO:root:NOC
INFO:root:2015-09-08 BUY 6 at 168.01 1389486
INFO:root:2015-09-17 TP at 173.49 1098293
INFO:root:Total Profit: 5.48
INFO:root:Total Loss: 0
INFO:root:Net Profit: 32.88
INFO:root:NOW
INFO:root:2014-01-31 SELL 16 at 63.43 2087079
INFO:root:2014-02-07 SELL SL at 66.29 2374793
INFO:root:2019-10-16 SELL 4 at 254.6 1779936
INFO:root:2019-10-18 TP at 240.62 2004157
INFO:root:2020-10-29 BUY 2 at 510.59 1196729
INFO:root:2020-11-02 BUY SL at 476.0 1323850
INFO:root:2024-02-22 BUY 1 at 769.21 1169579
INFO:root:2024-03-05 BUY SL at 740.15 1278021
INFO:root:Total Profit: 13.98
INFO:root:Total Loss: 66.51
INFO:root:Net Profit: -88.08
INFO:root:NRG
INFO:root:2021-03-01 BUY 25 at 40.36 4518943
INFO:root:2021-03-17 BUY SL at 36.18 5472314
INFO:root:Total Profit: 0
INFO:root:Total Loss: 4.18
INFO:root:Net Profit: -104.5
INFO:root:NSC
INFO:root:2014-01-22 BUY 11 at 92.94 2037864
INFO:root:2014-01-24 BUY SL at 89.61 2317943
INFO:root:2020-01-29 BUY 5 at 214.83 1641900
INFO:root:2020-02-24 BUY SL at 203.0 1356343
INFO:root:2024-10-22 BUY 4 at 260.43 1178450
INFO:root:2024-10-25 BUY SL at 251.09 1244721
INFO:root:Total Profit: 0
INFO:root:Total Loss: 24.5
INFO:root:Net Profit: -133.14
INFO:root:NTAP
INFO:root:2023-06-01 BUY 14 at 71.96 2307043
INFO:root:2023-06-29 TP at 76.25 2342521
INFO:root:Total Profit: 4.29
INFO:root:Total Loss: 0
INFO:root:Net Profit: 60.06
INFO:root:NTRS
INFO:root:2011-11-01 SELL 26 at 38.7 2937914
INFO:root:2011-11-03 SELL SL at 40.58 2792393
INFO:root:2020-05-18 BUY 13 at 75.94 1089279
INFO:root:2020-05-27 TP at 84.36 1171243
INFO:root:2021-12-21 BUY 8 at 117.79 696679
INFO:root:2022-01-04 TP at 126.39 592957
INFO:root:Total Profit: 17.02
INFO:root:Total Loss: 1.88
INFO:root:Net Profit: 129.38
INFO:root:NUE
INFO:root:2020-04-17 BUY 27 at 37.33 3882486
INFO:root:2020-04-21 BUY SL at 36.05 3493300
INFO:root:2020-05-18 BUY 24 at 40.86 2642450
INFO:root:2020-06-03 TP at 44.51 2039021
INFO:root:2020-06-09 SELL 23 at 44.25 1987264
INFO:root:2020-06-11 TP at 39.53 2086093
INFO:root:2020-06-16 BUY 22 at 44.59 2313079
INFO:root:2020-06-19 BUY SL at 42.7 2303100
INFO:root:Total Profit: 8.37
INFO:root:Total Loss: 3.17
INFO:root:Net Profit: 120.02
INFO:root:NVDA
INFO:root:2017-02-23 SELL 398 at 2.51 768777143
INFO:root:2017-03-20 SELL SL at 2.74 680703714
INFO:root:2017-09-21 SELL 221 at 4.52 727703429
INFO:root:2017-10-09 SELL SL at 4.63 621523143
INFO:root:2019-10-08 SELL 226 at 4.43 325346286
INFO:root:2019-10-11 SELL SL at 4.65 339811143
INFO:root:2020-02-24 SELL 146 at 6.83 553585143
INFO:root:2020-02-28 TP at 6.04 764663429
INFO:root:2020-05-01 SELL 141 at 7.07 474692286
INFO:root:2020-05-04 SELL SL at 7.28 459450000
INFO:root:2022-09-13 SELL 76 at 13.13 638823714
INFO:root:2022-09-23 TP at 12.26 604753143
INFO:root:2023-02-23 BUY 42 at 23.66 547860929
INFO:root:2023-03-17 TP at 26.4 500940143
INFO:root:2024-02-22 BUY 13 at 78.54 577377714
INFO:root:2024-03-04 TP at 87.69 571670929
INFO:root:Total Profit: 13.55
INFO:root:Total Loss: 0.77
INFO:root:Net Profit: 220.31
INFO:root:NVR
INFO:root:Total Profit: 0
INFO:root:Total Loss: 0
INFO:root:Net Profit: 0
INFO:root:NWS
INFO:root:2021-09-21 BUY 46 at 21.71 611329
INFO:root:2021-09-22 TP at 22.72 641614
INFO:root:2022-09-13 SELL 58 at 17.11 562593
INFO:root:2022-09-21 TP at 16.32 738664
INFO:root:Total Profit: 1.8
INFO:root:Total Loss: 0
INFO:root:Net Profit: 92.28
INFO:root:NWSA
INFO:root:Total Profit: 0
INFO:root:Total Loss: 0
INFO:root:Net Profit: 0
INFO:root:NXPI
INFO:root:2019-05-21 BUY 10 at 96.68 4055643
INFO:root:2019-05-23 BUY SL at 91.91 4151971
INFO:root:2023-05-26 BUY 6 at 181.18 2045993
INFO:root:2023-06-07 TP at 189.92 2510200
INFO:root:2024-11-06 BUY 4 at 231.38 2660371
INFO:root:2024-11-12 BUY SL at 224.79 2889850
INFO:root:Total Profit: 8.74
INFO:root:Total Loss: 11.36
INFO:root:Net Profit: -21.62
INFO:root:O
INFO:root:2020-06-11 SELL 18 at 56.09 3856400
INFO:root:2020-06-15 SELL SL at 60.63 3932141
INFO:root:2023-11-02 BUY 20 at 50.03 8367614
INFO:root:2023-11-15 TP at 52.82 9384893
INFO:root:Total Profit: 2.79
INFO:root:Total Loss: 4.54
INFO:root:Net Profit: -25.92
INFO:root:ODFL
INFO:root:Total Profit: 0
INFO:root:Total Loss: 0
INFO:root:Net Profit: 0
INFO:root:OKE
INFO:root:2011-05-06 BUY 33 at 30.41 1865311
INFO:root:2011-06-21 TP at 31.49 1768550
INFO:root:2011-09-07 BUY 33 at 30.36 2112450
INFO:root:2011-09-09 BUY SL at 29.09 1998279
INFO:root:2011-09-27 BUY 34 at 29.57 2301582
INFO:root:2011-10-03 BUY SL at 28.25 2462942
INFO:root:2011-11-01 SELL 31 at 32.29 1833525
INFO:root:2011-11-02 SELL SL at 33.12 1836152
INFO:root:2020-06-11 SELL 28 at 35.33 6322850
INFO:root:2020-07-06 TP at 27.88 7336807
INFO:root:2021-07-21 BUY 19 at 53.46 2500407
INFO:root:2021-07-30 BUY SL at 51.97 2500071
INFO:root:2022-08-30 SELL 16 at 63.03 1962629
INFO:root:2022-09-01 TP at 58.93 2024007
INFO:root:Total Profit: 12.63
INFO:root:Total Loss: 4.91
INFO:root:Net Profit: 169.01
INFO:root:OMC
INFO:root:2010-05-26 BUY 27 at 37.7 4224793
INFO:root:2010-06-01 BUY SL at 36.78 3766293
INFO:root:2020-05-18 BUY 19 at 53.17 2738871
INFO:root:2020-05-27 TP at 58.05 2600307
INFO:root:2020-07-28 SELL 18 at 54.66 2192486
INFO:root:2020-08-11 SELL SL at 55.74 2846621
INFO:root:Total Profit: 4.88
INFO:root:Total Loss: 2.0
INFO:root:Net Profit: 48.44
INFO:root:ON
INFO:root:2011-11-01 SELL 139 at 7.18 13256993
INFO:root:2011-11-03 SELL SL at 7.79 14069300
INFO:root:2015-10-30 BUY 91 at 11.0 6594400
INFO:root:2015-11-16 BUY SL at 10.67 5487836
INFO:root:2020-06-24 SELL 52 at 19.29 11010871
INFO:root:2020-07-09 SELL SL at 20.76 9108729
INFO:root:2024-04-24 BUY 15 at 65.53 7135621
INFO:root:2024-04-30 TP at 72.75 8663786
INFO:root:Total Profit: 7.22
INFO:root:Total Loss: 2.41
INFO:root:Net Profit: -82.96
INFO:root:ORCL
INFO:root:2022-06-14 BUY 14 at 70.72 9784800
INFO:root:2022-07-28 TP at 77.28 6048786
INFO:root:2023-07-03 SELL 9 at 117.15 16475129
INFO:root:2023-07-14 SELL SL at 119.27 8357807
INFO:root:2024-12-10 SELL 6 at 177.74 10567214
INFO:root:2024-12-18 TP at 165.36 10849764
INFO:root:Total Profit: 18.94
INFO:root:Total Loss: 2.12
INFO:root:Net Profit: 147.04
INFO:root:ORLY
INFO:root:Total Profit: 0
INFO:root:Total Loss: 0
INFO:root:Net Profit: 0
INFO:root:OTIS
INFO:root:Total Profit: 0
INFO:root:Total Loss: 0
INFO:root:Net Profit: 0
INFO:root:OXY
INFO:root:2021-09-22 BUY 37 at 26.75 17154557
INFO:root:2021-09-27 TP at 30.35 17965964
INFO:root:2021-12-21 BUY 35 at 28.6 14686607
INFO:root:2021-12-28 TP at 30.38 12961436
INFO:root:2022-07-11 SELL 17 at 59.52 31654871
INFO:root:2022-07-19 SELL SL at 62.82 25473943
INFO:root:Total Profit: 5.38
INFO:root:Total Loss: 3.3
INFO:root:Net Profit: 139.4
INFO:root:PANW
INFO:root:2013-05-31 SELL 124 at 8.09 7281086
INFO:root:2013-06-18 TP at 6.92 10460871
INFO:root:2018-01-22 SELL 39 at 25.65 7054629
INFO:root:2018-01-23 SELL SL at 26.59 7459114
INFO:root:2022-11-10 BUY 12 at 81.73 9638000
INFO:root:2022-12-15 BUY SL at 76.29 7151214
INFO:root:2023-02-22 BUY 11 at 93.88 10676100
INFO:root:2023-03-31 TP at 100.15 6719143
INFO:root:2024-02-26 BUY 7 at 151.39 20915329
INFO:root:2024-03-06 BUY SL at 139.43 27413743
INFO:root:Total Profit: 7.44
INFO:root:Total Loss: 18.34
INFO:root:Net Profit: 28.39
INFO:root:PARA
INFO:root:2022-09-13 SELL 44 at 22.53 9928821
INFO:root:2022-09-14 TP at 21.32 10549193
INFO:root:2023-11-08 SELL 85 at 11.82 16641921
INFO:root:2023-11-14 SELL SL at 12.52 16809521
INFO:root:Total Profit: 1.21
INFO:root:Total Loss: 0.7
INFO:root:Net Profit: -6.26
INFO:root:PAYC
INFO:root:2019-08-05 SELL 5 at 221.17 707521
INFO:root:2019-08-08 SELL SL at 240.47 728379
INFO:root:2020-11-04 BUY 3 at 397.43 346621
INFO:root:2020-11-05 BUY SL at 373.26 388286
INFO:root:Total Profit: 0
INFO:root:Total Loss: 43.47
INFO:root:Net Profit: -169.01
INFO:root:PAYX
INFO:root:2011-09-07 BUY 37 at 26.85 3490900
INFO:root:2011-10-03 BUY SL at 25.55 4315564
INFO:root:Total Profit: 0
INFO:root:Total Loss: 1.3
INFO:root:Net Profit: -48.1
INFO:root:PCAR
INFO:root:2011-09-27 BUY 41 at 24.15 6532543
INFO:root:2011-09-30 BUY SL at 22.55 6316232
INFO:root:2019-01-28 SELL 24 at 40.87 3681975
INFO:root:2019-01-29 SELL SL at 43.23 3784789
INFO:root:2020-06-11 SELL 21 at 48.39 2725350
INFO:root:2020-07-06 SELL SL at 51.44 2295407
INFO:root:2024-10-22 SELL 10 at 104.79 2990893
INFO:root:2024-11-06 SELL SL at 116.01 3017486
INFO:root:Total Profit: 0
INFO:root:Total Loss: 18.23
INFO:root:Net Profit: -298.49
INFO:root:PCG
INFO:root:2019-10-10 SELL 128 at 7.79 14485400
INFO:root:2019-10-25 TP at 4.96 18493693
INFO:root:Total Profit: 2.83
INFO:root:Total Loss: 0
INFO:root:Net Profit: 362.24
INFO:root:PDD
INFO:root:2019-02-11 BUY 37 at 26.74 8101464
INFO:root:2019-02-19 TP at 29.52 8500414
INFO:root:2019-03-13 SELL 40 at 25.12 11925386
INFO:root:2019-04-05 TP at 21.3 9138943
INFO:root:2020-02-04 BUY 27 at 36.51 5437436
INFO:root:2020-02-05 BUY SL at 35.72 5313886
INFO:root:2020-11-17 SELL 8 at 132.37 12570586
INFO:root:2020-11-20 SELL SL at 143.55 14274336
INFO:root:2021-12-07 BUY 16 at 63.03 11946407
INFO:root:2021-12-20 BUY SL at 54.78 10485157
INFO:root:2022-03-16 BUY 23 at 42.62 20290421
INFO:root:2022-03-22 TP at 49.43 31763157
INFO:root:2022-11-16 SELL 15 at 67.56 13367300
INFO:root:2022-11-17 SELL SL at 70.55 13386807
INFO:root:2023-05-31 SELL 15 at 65.32 11583229
INFO:root:2023-06-01 SELL SL at 69.09 11782436
INFO:root:2023-09-22 BUY 10 at 95.93 9529493
INFO:root:2023-10-06 TP at 107.59 7251443
INFO:root:2024-10-08 SELL 7 at 144.86 24263143
INFO:root:2024-10-15 TP at 127.43 24201864
INFO:root:2024-11-08 SELL 8 at 117.81 8502186
INFO:root:2024-11-14 TP at 110.01 7852443
INFO:root:Total Profit: 50.3
INFO:root:Total Loss: 26.98
INFO:root:Net Profit: 369.13
INFO:root:PEG
INFO:root:Total Profit: 0
INFO:root:Total Loss: 0
INFO:root:Net Profit: 0
INFO:root:PEP
INFO:root:2019-02-15 BUY 9 at 115.91 5248293
INFO:root:2019-03-19 TP at 118.75 6469379
INFO:root:Total Profit: 2.84
INFO:root:Total Loss: 0
INFO:root:Net Profit: 25.56
INFO:root:PFE
INFO:root:Total Profit: 0
INFO:root:Total Loss: 0
INFO:root:Net Profit: 0
INFO:root:PFG
INFO:root:2011-09-07 BUY 41 at 24.53 3844650
INFO:root:2011-09-16 TP at 26.16 3501993
INFO:root:2012-01-04 SELL 40 at 24.93 2108000
INFO:root:2012-01-10 SELL SL at 25.97 1917829
INFO:root:2016-06-24 SELL 25 at 39.96 1782671
INFO:root:2016-07-12 SELL SL at 43.18 1981921
INFO:root:2019-06-04 BUY 18 at 54.8 1503200
INFO:root:2019-06-19 TP at 56.8 1204557
INFO:root:2020-04-15 SELL 34 at 29.63 2267514
INFO:root:2020-04-27 SELL SL at 31.69 2016364
INFO:root:2023-05-05 BUY 14 at 71.51 1849393
INFO:root:2023-05-11 BUY SL at 68.72 1431457
INFO:root:Total Profit: 3.63
INFO:root:Total Loss: 9.11
INFO:root:Net Profit: -128.37
INFO:root:PG
INFO:root:2013-05-29 SELL 13 at 78.9 9575357
INFO:root:2013-06-03 TP at 76.12 11301921
INFO:root:Total Profit: 2.78
INFO:root:Total Loss: 0
INFO:root:Net Profit: 36.14
INFO:root:PGR
INFO:root:2011-09-07 BUY 54 at 18.53 5798407
INFO:root:2011-09-19 BUY SL at 17.98 5562629
INFO:root:2011-10-31 SELL 53 at 19.01 6470821
INFO:root:2011-11-11 SELL SL at 19.63 5389414
INFO:root:2015-09-01 SELL 34 at 29.24 4249064
INFO:root:2015-09-03 SELL SL at 29.83 4360079
INFO:root:2018-11-14 SELL 15 at 64.8 3433414
INFO:root:2018-12-20 TP at 59.22 4189836
INFO:root:Total Profit: 5.58
INFO:root:Total Loss: 1.76
INFO:root:Net Profit: 1.08
INFO:root:PH
INFO:root:2011-09-06 SELL 15 at 68.07 2507400
INFO:root:2011-09-07 SELL SL at 70.3 2423071
INFO:root:2011-09-27 BUY 15 at 65.27 2241371
INFO:root:2011-09-30 BUY SL at 63.13 2134907
INFO:root:2015-09-08 BUY 9 at 107.01 1961593
INFO:root:2015-09-18 BUY SL at 101.94 1499600
INFO:root:2019-02-12 BUY 6 at 170.09 981714
INFO:root:2019-02-22 TP at 177.47 809829
INFO:root:2019-09-03 SELL 6 at 160.97 653529
INFO:root:2019-09-05 SELL SL at 171.64 636507
INFO:root:2024-02-14 BUY 2 at 521.91 816671
INFO:root:2024-02-22 TP at 535.55 668357
INFO:root:Total Profit: 21.02
INFO:root:Total Loss: 20.11
INFO:root:Net Profit: -103.64
INFO:root:PHM
INFO:root:2020-04-07 BUY 43 at 23.03 6701629
INFO:root:2020-04-09 TP at 27.89 6039571
INFO:root:2020-05-01 SELL 37 at 27.24 5050807
INFO:root:2020-05-07 SELL SL at 28.18 4855700
INFO:root:2024-10-22 SELL 7 at 133.81 1517029
INFO:root:2024-10-29 TP at 122.08 1850507
INFO:root:Total Profit: 16.59
INFO:root:Total Loss: 0.94
INFO:root:Net Profit: 256.31
INFO:root:PKG
INFO:root:2011-06-07 BUY 35 at 28.49 950471
INFO:root:2011-06-15 BUY SL at 27.3 1291686
INFO:root:2011-09-27 BUY 39 at 25.48 864493
INFO:root:2011-09-28 BUY SL at 24.4 846850
INFO:root:2024-04-29 BUY 6 at 177.05 804379
INFO:root:2024-04-30 BUY SL at 172.98 812236
INFO:root:Total Profit: 0
INFO:root:Total Loss: 6.34
INFO:root:Net Profit: -108.19
INFO:root:PLD
INFO:root:Total Profit: 0
INFO:root:Total Loss: 0
INFO:root:Net Profit: 0
INFO:root:PLTR
INFO:root:2021-02-19 BUY 34 at 29.0 105837007
INFO:root:2021-02-25 BUY SL at 23.96 134424521
INFO:root:2023-02-14 BUY 108 at 9.22 58423264
INFO:root:2023-02-15 TP at 10.23 67366464
INFO:root:2024-05-07 SELL 47 at 21.4 53890450
INFO:root:2024-06-17 SELL SL at 25.02 38390571
INFO:root:2024-08-06 BUY 38 at 26.59 48503493
INFO:root:2024-08-12 TP at 31.2 58049950
INFO:root:2024-11-05 BUY 20 at 51.13 50704429
INFO:root:2024-11-08 TP at 58.48 66508279
INFO:root:Total Profit: 12.97
INFO:root:Total Loss: 8.66
INFO:root:Net Profit: 89.76
INFO:root:PM
INFO:root:Total Profit: 0
INFO:root:Total Loss: 0
INFO:root:Net Profit: 0
INFO:root:PNC
INFO:root:2012-08-03 BUY 17 at 60.25 4279007
INFO:root:2012-08-17 TP at 62.1 2291064
INFO:root:2022-02-25 BUY 5 at 202.67 2409700
INFO:root:2022-03-01 BUY SL at 187.19 2471700
INFO:root:Total Profit: 1.85
INFO:root:Total Loss: 15.48
INFO:root:Net Profit: -45.95
INFO:root:PNR
INFO:root:2011-09-02 SELL 46 at 21.59 949333
INFO:root:2011-09-15 SELL SL at 22.93 1225128
INFO:root:2020-06-09 SELL 25 at 40.37 1257821
INFO:root:2020-06-11 TP at 36.77 1292314
INFO:root:Total Profit: 3.6
INFO:root:Total Loss: 1.34
INFO:root:Net Profit: 28.36
INFO:root:PNW
INFO:root:Total Profit: 0
INFO:root:Total Loss: 0
INFO:root:Net Profit: 0
INFO:root:PODD
INFO:root:Total Profit: 0
INFO:root:Total Loss: 0
INFO:root:Net Profit: 0
INFO:root:POOL
INFO:root:Total Profit: 0
INFO:root:Total Loss: 0
INFO:root:Net Profit: 0
INFO:root:PPG
INFO:root:2011-09-27 BUY 27 at 37.26 3688543
INFO:root:2011-09-28 BUY SL at 35.75 3564800
INFO:root:2016-06-24 SELL 10 at 102.73 1642807
INFO:root:2016-07-13 SELL SL at 109.47 1891364
INFO:root:2020-04-06 BUY 12 at 86.63 2716250
INFO:root:2020-04-07 TP at 93.28 2645071
INFO:root:Total Profit: 6.65
INFO:root:Total Loss: 8.25
INFO:root:Net Profit: -28.37
INFO:root:PPL
INFO:root:2020-04-07 BUY 41 at 24.59 8260429
INFO:root:2020-06-01 TP at 28.68 5805043
INFO:root:Total Profit: 4.09
INFO:root:Total Loss: 0
INFO:root:Net Profit: 167.69
INFO:root:PRU
INFO:root:2011-09-02 SELL 21 at 46.6 5388136
INFO:root:2011-09-07 SELL SL at 48.73 5479757
INFO:root:2011-11-01 SELL 19 at 51.52 5773736
INFO:root:2011-11-08 SELL SL at 54.48 6973579
INFO:root:2012-11-19 BUY 20 at 49.81 6033586
INFO:root:2012-11-29 TP at 52.22 4784250
INFO:root:2016-06-24 SELL 14 at 70.91 2831193
INFO:root:2016-06-27 TP at 66.51 3030607
INFO:root:2019-06-04 BUY 10 at 97.82 1907229
INFO:root:2019-06-10 TP at 101.48 2087321
INFO:root:2020-04-07 BUY 19 at 52.06 5015271
INFO:root:2020-04-09 TP at 60.63 4735700
INFO:root:2020-05-18 BUY 18 at 57.12 2874207
INFO:root:2020-05-27 TP at 64.96 2949800
INFO:root:2020-06-11 SELL 17 at 60.35 4471879
INFO:root:2020-08-07 SELL SL at 67.96 2583764
INFO:root:Total Profit: 26.88
INFO:root:Total Loss: 12.7
INFO:root:Net Profit: 220.01
INFO:root:PSA
INFO:root:2024-04-10 SELL 4 at 275.85 581307
INFO:root:2024-04-15 TP at 264.26 600264
INFO:root:Total Profit: 11.59
INFO:root:Total Loss: 0
INFO:root:Net Profit: 46.36
INFO:root:PSX
INFO:root:Total Profit: 0
INFO:root:Total Loss: 0
INFO:root:Net Profit: 0
INFO:root:PTC
INFO:root:2012-07-26 BUY 48 at 20.74 1009600
INFO:root:2012-11-16 BUY SL at 19.0 960057
INFO:root:2022-11-17 SELL 8 at 123.87 1219393
INFO:root:2023-01-12 SELL SL at 131.09 537357
INFO:root:Total Profit: 0
INFO:root:Total Loss: 8.96
INFO:root:Net Profit: -141.28
INFO:root:PWR
INFO:root:2011-11-02 BUY 45 at 22.15 2135093
INFO:root:2011-11-09 BUY SL at 19.64 2646579
INFO:root:Total Profit: 0
INFO:root:Total Loss: 2.51
INFO:root:Net Profit: -112.95
INFO:root:PYPL
INFO:root:2020-11-09 SELL 5 at 184.72 12919029
INFO:root:2020-11-10 TP at 178.6 12625964
INFO:root:2022-10-10 SELL 12 at 84.52 12486193
INFO:root:2022-11-03 TP at 75.29 14376657
INFO:root:2023-02-06 SELL 12 at 82.33 12768421
INFO:root:2023-02-17 TP at 73.59 17244207
INFO:root:Total Profit: 24.09
INFO:root:Total Loss: 0
INFO:root:Net Profit: 246.24
INFO:root:QCOM
INFO:root:2013-04-25 SELL 16 at 62.44 14843257
INFO:root:2013-05-17 SELL SL at 66.61 11755786
INFO:root:Total Profit: 0
INFO:root:Total Loss: 4.17
INFO:root:Net Profit: -66.72
INFO:root:QQQ
INFO:root:2012-04-25 BUY 15 at 66.45 56495307
INFO:root:2012-05-01 TP at 67.63 53005486
INFO:root:2024-11-06 BUY 2 at 505.58 30454800
INFO:root:2024-11-07 TP at 514.33 30991807
INFO:root:Total Profit: 9.93
INFO:root:Total Loss: 0
INFO:root:Net Profit: 35.2
INFO:root:RCL
INFO:root:2011-09-02 SELL 42 at 24.02 3298893
INFO:root:2011-09-07 SELL SL at 25.13 3108729
INFO:root:2012-10-25 BUY 30 at 33.74 2254171
INFO:root:2013-01-16 TP at 36.99 1638664
INFO:root:2016-06-24 SELL 14 at 70.08 1843693
INFO:root:2016-06-28 TP at 64.95 2415136
INFO:root:2019-09-04 BUY 10 at 104.74 1292029
INFO:root:2019-09-06 TP at 108.88 1351086
INFO:root:2020-06-11 SELL 18 at 54.51 26833307
INFO:root:2020-06-12 SELL SL at 61.18 27597700
INFO:root:2020-07-15 BUY 17 at 58.36 16309950
INFO:root:2020-07-31 BUY SL at 48.71 10644071
INFO:root:2024-08-06 BUY 7 at 150.26 3429457
INFO:root:2024-08-23 TP at 163.47 2598464
INFO:root:Total Profit: 25.73
INFO:root:Total Loss: 17.43
INFO:root:Net Profit: -27.54
INFO:root:REG
INFO:root:2020-05-18 BUY 24 at 41.32 1762407
INFO:root:2020-05-27 TP at 46.86 1696757
INFO:root:Total Profit: 5.54
INFO:root:Total Loss: 0
INFO:root:Net Profit: 132.96
INFO:root:REGN
INFO:root:Total Profit: 0
INFO:root:Total Loss: 0
INFO:root:Net Profit: 0
INFO:root:RF
INFO:root:2011-11-01 SELL 270 at 3.7 27458371
INFO:root:2011-11-03 SELL SL at 3.99 29504071
INFO:root:2015-03-12 BUY 101 at 9.89 12784621
INFO:root:2015-03-19 BUY SL at 9.5 17872821
INFO:root:2019-10-11 BUY 65 at 15.43 8850779
INFO:root:2019-10-21 TP at 16.13 9433157
INFO:root:2022-02-25 BUY 41 at 24.29 10293164
INFO:root:2022-03-01 BUY SL at 22.11 11104286
INFO:root:Total Profit: 0.7
INFO:root:Total Loss: 2.86
INFO:root:Net Profit: -161.57
INFO:root:RJF
INFO:root:2011-09-02 SELL 58 at 17.37 1428343
INFO:root:2011-09-07 SELL SL at 18.23 1428611
INFO:root:2011-11-01 SELL 52 at 19.31 1541604
INFO:root:2011-11-03 SELL SL at 20.85 1589657
INFO:root:2015-08-27 BUY 28 at 35.79 1431589
INFO:root:2015-09-01 BUY SL at 34.03 1606371
INFO:root:2016-06-24 SELL 31 at 32.59 1192521
INFO:root:2016-07-20 SELL SL at 35.63 1290386
INFO:root:2023-03-27 BUY 11 at 92.62 2590779
INFO:root:2023-04-05 BUY SL at 89.78 1886864
INFO:root:2023-05-05 BUY 12 at 86.2 1721721
INFO:root:2023-05-19 TP at 90.63 1159764
INFO:root:Total Profit: 4.43
INFO:root:Total Loss: 10.04
INFO:root:Net Profit: -251.56
INFO:root:RL
INFO:root:Total Profit: 0
INFO:root:Total Loss: 0
INFO:root:Net Profit: 0
INFO:root:RMD
INFO:root:2011-09-06 SELL 34 at 29.37 1017857
INFO:root:2011-09-07 SELL SL at 30.3 1000950
INFO:root:2011-12-15 BUY 41 at 24.27 1281157
INFO:root:2011-12-22 TP at 25.63 1316186
INFO:root:2012-05-16 SELL 30 at 33.21 1450779
INFO:root:2012-05-17 TP at 32.1 1322500
INFO:root:2013-01-31 SELL 23 at 43.8 1406543
INFO:root:2013-04-05 SELL SL at 46.77 1035407
INFO:root:2022-11-10 BUY 4 at 225.18 658464
INFO:root:2022-12-01 TP at 232.81 420650
INFO:root:Total Profit: 10.1
INFO:root:Total Loss: 3.9
INFO:root:Net Profit: 19.65
INFO:root:ROK
INFO:root:2011-04-27 SELL 11 at 89.5 1537657
INFO:root:2011-05-17 TP at 79.78 1518257
INFO:root:2011-07-08 SELL 11 at 87.66 962557
INFO:root:2011-07-12 TP at 83.47 946164
INFO:root:2011-09-07 BUY 17 at 59.25 2256629
INFO:root:2011-09-09 BUY SL at 56.56 2261100
INFO:root:2011-11-01 SELL 15 at 65.68 1254029
INFO:root:2011-11-02 SELL SL at 69.13 1267271
INFO:root:2011-11-09 SELL 14 at 70.34 1474707
INFO:root:2011-11-11 SELL SL at 74.63 1439114
INFO:root:2016-06-24 SELL 9 at 112.37 835493
INFO:root:2016-06-27 TP at 107.17 887214
INFO:root:2019-09-05 BUY 6 at 158.7 709971
INFO:root:2019-09-12 TP at 167.74 839121
INFO:root:2020-05-01 SELL 5 at 183.19 1065057
INFO:root:2020-05-05 SELL SL at 190.99 1082371
INFO:root:2022-12-15 SELL 4 at 257.15 772521
INFO:root:2022-12-16 TP at 249.68 843864
INFO:root:Total Profit: 35.62
INFO:root:Total Loss: 18.23
INFO:root:Net Profit: 87.39
INFO:root:ROL
INFO:root:2023-10-26 BUY 28 at 35.71 2878864
INFO:root:2023-12-01 TP at 40.97 2119336
INFO:root:Total Profit: 5.26
INFO:root:Total Loss: 0
INFO:root:Net Profit: 147.28
INFO:root:ROP
INFO:root:2011-09-07 BUY 13 at 74.86 768457
INFO:root:2011-09-09 BUY SL at 70.9 740321
INFO:root:2011-11-01 SELL 13 at 78.92 732914
INFO:root:2011-11-02 SELL SL at 81.01 721621
INFO:root:Total Profit: 0
INFO:root:Total Loss: 6.05
INFO:root:Net Profit: -78.65
INFO:root:ROST
INFO:root:2015-08-21 SELL 20 at 50.0 3106571
INFO:root:2015-11-13 TP at 43.47 2990943
INFO:root:2015-11-20 BUY 20 at 50.84 4226014
INFO:root:2015-12-09 TP at 55.1 3668957
INFO:root:Total Profit: 10.79
INFO:root:Total Loss: 0
INFO:root:Net Profit: 215.8
INFO:root:RSG
INFO:root:Total Profit: 0
INFO:root:Total Loss: 0
INFO:root:Net Profit: 0
INFO:root:RTX
INFO:root:2011-04-20 BUY 18 at 54.06 5533931
INFO:root:2011-04-29 TP at 56.51 6854912
INFO:root:2011-09-02 SELL 22 at 44.71 9537757
INFO:root:2011-09-07 SELL SL at 45.92 9381150
INFO:root:2011-09-27 BUY 22 at 46.04 10657684
INFO:root:2011-09-30 BUY SL at 44.28 10922207
INFO:root:2011-11-01 SELL 21 at 47.32 7674189
INFO:root:2011-11-03 SELL SL at 49.36 7813669
INFO:root:2015-09-08 BUY 17 at 58.41 10226929
INFO:root:2015-09-17 TP at 59.74 7960402
INFO:root:2019-09-04 BUY 12 at 82.47 3990013
INFO:root:2019-09-06 TP at 84.49 3796291
INFO:root:2021-01-26 BUY 15 at 67.2 7438214
INFO:root:2021-01-27 BUY SL at 65.5 7697014
INFO:root:Total Profit: 5.8
INFO:root:Total Loss: 6.71
INFO:root:Net Profit: -42.73
INFO:root:RVTY
INFO:root:2011-09-02 SELL 46 at 21.63 891479
INFO:root:2011-09-21 TP at 19.51 1346193
INFO:root:2012-06-29 BUY 39 at 25.8 893071
INFO:root:2012-07-09 BUY SL at 24.9 837393
INFO:root:2019-11-01 BUY 11 at 88.09 797200
INFO:root:2019-11-06 BUY SL at 86.05 776657
INFO:root:2023-11-03 BUY 11 at 88.16 1274200
INFO:root:2023-11-09 BUY SL at 84.16 1391393
INFO:root:Total Profit: 2.12
INFO:root:Total Loss: 6.94
INFO:root:Net Profit: -4.02
INFO:root:SBAC
INFO:root:2023-07-20 SELL 4 at 222.86 1110293
INFO:root:2023-09-21 TP at 204.53 658814
INFO:root:Total Profit: 18.33
INFO:root:Total Loss: 0
INFO:root:Net Profit: 73.32
INFO:root:SBUX
INFO:root:2011-11-04 BUY 45 at 22.09 15005871
INFO:root:2011-11-21 BUY SL at 20.84 14991400
INFO:root:2012-07-27 SELL 42 at 23.74 16840514
INFO:root:2012-09-13 SELL SL at 25.86 13068900
INFO:root:2015-01-09 SELL 25 at 39.9 9616971
INFO:root:2015-01-22 SELL SL at 41.37 12116371
INFO:root:2020-03-24 BUY 15 at 64.88 22176829
INFO:root:2020-03-26 TP at 71.58 23130350
INFO:root:2020-04-21 SELL 14 at 72.72 13335700
INFO:root:2020-04-22 SELL SL at 77.45 13226171
INFO:root:2022-04-04 SELL 11 at 88.09 10852343
INFO:root:2022-04-06 TP at 82.07 10733107
INFO:root:Total Profit: 12.72
INFO:root:Total Loss: 9.57
INFO:root:Net Profit: -81.54
INFO:root:SCHW
INFO:root:2011-09-07 BUY 84 at 11.85 17457293
INFO:root:2011-09-09 BUY SL at 11.27 15557814
INFO:root:Total Profit: 0
INFO:root:Total Loss: 0.58
INFO:root:Net Profit: -48.72
INFO:root:SHW
INFO:root:Total Profit: 0
INFO:root:Total Loss: 0
INFO:root:Net Profit: 0
INFO:root:SJM
INFO:root:2019-02-26 BUY 9 at 106.09 1194829
INFO:root:2019-03-05 BUY SL at 102.08 1761043
INFO:root:Total Profit: 0
INFO:root:Total Loss: 4.01
INFO:root:Net Profit: -36.09
INFO:root:SLB
INFO:root:2011-09-09 SELL 14 at 71.8 10114307
INFO:root:2011-09-21 TP at 65.12 11344629
INFO:root:2016-11-30 BUY 12 at 84.05 5528243
INFO:root:2017-01-18 TP at 87.54 5014229
INFO:root:2018-12-03 BUY 22 at 46.3 12799164
INFO:root:2018-12-04 BUY SL at 44.12 12365971
INFO:root:2020-06-11 SELL 54 at 18.51 16394007
INFO:root:2020-09-29 TP at 15.47 13412771
INFO:root:2021-08-23 BUY 36 at 27.49 9975986
INFO:root:2021-08-25 TP at 28.77 9280079
INFO:root:2023-03-21 BUY 21 at 48.28 10590529
INFO:root:2023-03-23 BUY SL at 45.48 11403071
INFO:root:Total Profit: 14.49
INFO:root:Total Loss: 4.98
INFO:root:Net Profit: 238.88
INFO:root:SMCI
INFO:root:2018-10-04 SELL 794 at 1.26 11181500
INFO:root:2019-03-25 SELL SL at 2.09 1472429
INFO:root:2020-11-04 BUY 352 at 2.84 3404500
INFO:root:2021-01-06 TP at 3.24 3063357
INFO:root:2024-11-18 BUY 46 at 21.54 105533664
INFO:root:2024-11-19 TP at 29.5 105452121
INFO:root:2024-12-02 BUY 24 at 42.0 124080386
INFO:root:2024-12-16 BUY SL at 33.44 100829264
INFO:root:Total Profit: 8.36
INFO:root:Total Loss: 9.39
INFO:root:Net Profit: -357.5
INFO:root:SNA
INFO:root:2011-09-06 SELL 20 at 49.73 421700
INFO:root:2011-09-07 SELL SL at 51.65 420621
INFO:root:2011-09-27 BUY 21 at 47.32 530364
INFO:root:2011-09-28 BUY SL at 46.08 531036
INFO:root:2011-11-01 SELL 19 at 51.59 423736
INFO:root:2011-11-03 SELL SL at 55.24 456214
INFO:root:2020-04-17 BUY 8 at 118.33 762350
INFO:root:2020-04-21 BUY SL at 110.54 805793
INFO:root:2020-06-11 SELL 8 at 133.33 665721
INFO:root:2020-07-27 SELL SL at 145.61 365586
INFO:root:Total Profit: 0
INFO:root:Total Loss: 26.88
INFO:root:Net Profit: -294.35
INFO:root:SNPS
INFO:root:2024-12-05 SELL 2 at 515.29 1177371
INFO:root:2024-12-09 TP at 504.8 1342493
INFO:root:Total Profit: 10.49
INFO:root:Total Loss: 0
INFO:root:Net Profit: 20.98
INFO:root:SO
INFO:root:Total Profit: 0
INFO:root:Total Loss: 0
INFO:root:Net Profit: 0
INFO:root:SOLV
INFO:root:Total Profit: 0
INFO:root:Total Loss: 0
INFO:root:Net Profit: 0
INFO:root:SPG
INFO:root:2020-06-24 SELL 15 at 65.11 11768364
INFO:root:2020-07-01 SELL SL at 69.81 9372193
INFO:root:2021-05-11 SELL 8 at 122.64 3010871
INFO:root:2021-05-26 SELL SL at 126.7 2711393
INFO:root:Total Profit: 0
INFO:root:Total Loss: 8.76
INFO:root:Net Profit: -102.98
INFO:root:SPGI
INFO:root:Total Profit: 0
INFO:root:Total Loss: 0
INFO:root:Net Profit: 0
INFO:root:SRE
INFO:root:2011-09-07 BUY 38 at 26.07 2787429
INFO:root:2011-09-09 BUY SL at 25.16 2514000
INFO:root:2013-05-28 BUY 24 at 41.06 3160586
INFO:root:2013-06-05 BUY SL at 39.46 3825029
INFO:root:Total Profit: 0
INFO:root:Total Loss: 2.51
INFO:root:Net Profit: -72.98
INFO:root:STE
INFO:root:2011-11-01 SELL 34 at 29.82 412714
INFO:root:2011-11-22 TP at 27.52 435621
INFO:root:2018-08-09 BUY 9 at 114.74 498636
INFO:root:2018-08-15 BUY SL at 113.0 528407
INFO:root:Total Profit: 2.3
INFO:root:Total Loss: 1.74
INFO:root:Net Profit: 62.54
INFO:root:STLD
INFO:root:2020-04-17 BUY 43 at 23.47 2324036
INFO:root:2020-04-21 BUY SL at 22.22 2375629
INFO:root:2020-06-11 SELL 39 at 25.59 2297929
INFO:root:2020-08-07 SELL SL at 28.49 1490664
INFO:root:Total Profit: 0
INFO:root:Total Loss: 4.15
INFO:root:Net Profit: -166.85
INFO:root:STT
INFO:root:2010-07-07 BUY 27 at 36.63 7501643
INFO:root:2010-07-20 TP at 39.78 7258857
INFO:root:2011-09-07 BUY 29 at 34.2 4514364
INFO:root:2011-09-09 BUY SL at 32.05 4264814
INFO:root:2011-11-01 SELL 26 at 38.76 7027286
INFO:root:2011-11-07 SELL SL at 40.6 6145243
INFO:root:2012-01-18 SELL 25 at 39.95 3877600
INFO:root:2012-02-03 SELL SL at 42.57 6031050
INFO:root:2015-09-01 SELL 14 at 69.68 2877629
INFO:root:2015-09-08 SELL SL at 72.22 3055964
INFO:root:2019-08-19 BUY 20 at 50.89 3219000
INFO:root:2019-08-23 BUY SL at 49.96 2972014
INFO:root:2020-05-26 BUY 17 at 60.52 2309636
INFO:root:2020-05-28 TP at 65.0 2470414
INFO:root:2021-11-26 SELL 11 at 93.35 1461857
INFO:root:2021-11-30 TP at 88.61 1754379
INFO:root:2022-03-09 BUY 12 at 83.58 2709871
INFO:root:2022-03-18 TP at 89.2 2263107
INFO:root:2022-11-17 SELL 13 at 74.51 2558014
INFO:root:2022-11-30 SELL SL at 79.67 2946457
INFO:root:Total Profit: 17.99
INFO:root:Total Loss: 15.24
INFO:root:Net Profit: -16.14
INFO:root:STX
INFO:root:2019-04-30 BUY 21 at 48.32 3211679
INFO:root:2019-05-13 BUY SL at 44.04 4048750
INFO:root:2020-03-02 BUY 20 at 50.37 3104479
INFO:root:2020-03-09 BUY SL at 45.31 3395214
INFO:root:2022-01-27 BUY 10 at 103.68 2839136
INFO:root:2022-03-08 BUY SL at 90.57 2159579
INFO:root:2022-11-04 BUY 20 at 51.12 3685243
INFO:root:2022-11-08 TP at 54.08 3773579
INFO:root:2023-03-29 BUY 16 at 63.79 2500550
INFO:root:2023-04-03 TP at 66.48 2473779
INFO:root:2023-06-20 SELL 16 at 62.58 2770879
INFO:root:2023-07-26 TP at 57.32 1995221
INFO:root:2024-04-02 SELL 11 at 90.23 3355579
INFO:root:2024-04-19 TP at 82.31 2669964
INFO:root:Total Profit: 18.83
INFO:root:Total Loss: 22.45
INFO:root:Net Profit: -48.66
INFO:root:STZ
INFO:root:2012-04-05 SELL 46 at 21.61 3043764
INFO:root:2012-05-15 TP at 18.98 2805729
INFO:root:2017-01-05 SELL 7 at 146.75 2338014
INFO:root:2017-02-16 SELL SL at 158.51 1615736
INFO:root:2019-01-09 SELL 7 at 150.94 3568593
INFO:root:2019-01-29 SELL SL at 168.15 3958214
INFO:root:2020-06-11 SELL 6 at 168.67 1341821
INFO:root:2020-06-17 SELL SL at 178.71 1306707
INFO:root:Total Profit: 2.63
INFO:root:Total Loss: 39.01
INFO:root:Net Profit: -142.05
INFO:root:SW
INFO:root:Total Profit: 0
INFO:root:Total Loss: 0
INFO:root:Net Profit: 0
INFO:root:SWK
INFO:root:2019-12-04 BUY 7 at 153.28 994029
INFO:root:2019-12-12 TP at 168.41 1190443
INFO:root:2020-04-06 BUY 9 at 106.69 2550671
INFO:root:2020-04-07 TP at 114.67 2366471
INFO:root:2020-04-30 SELL 9 at 110.2 1891750
INFO:root:2020-05-04 TP at 101.5 2060629
INFO:root:2022-10-07 SELL 13 at 77.52 1664679
INFO:root:2022-10-13 TP at 70.24 1782400
INFO:root:2024-08-02 SELL 10 at 98.63 2310314
INFO:root:2024-08-26 SELL SL at 100.85 1002071
INFO:root:Total Profit: 39.09
INFO:root:Total Loss: 2.22
INFO:root:Net Profit: 328.47
INFO:root:SWKS
INFO:root:2011-09-07 BUY 50 at 20.17 3416607
INFO:root:2011-09-14 TP at 22.49 3814329
INFO:root:2012-04-25 BUY 40 at 25.22 5472514
INFO:root:2012-04-27 TP at 28.15 6270171
INFO:root:2012-07-23 SELL 36 at 27.54 4259236
INFO:root:2012-07-31 SELL SL at 28.93 5195714
INFO:root:2015-11-10 SELL 12 at 80.37 4673786
INFO:root:2015-11-13 TP at 74.16 4564393
INFO:root:2016-07-08 BUY 16 at 62.91 2931400
INFO:root:2016-07-12 TP at 66.42 2861714
INFO:root:2020-05-05 BUY 10 at 104.71 2275443
INFO:root:2020-05-19 TP at 115.52 2456743
INFO:root:2020-06-11 SELL 8 at 123.38 2228829
INFO:root:2020-06-17 SELL SL at 130.74 2363914
INFO:root:2021-04-30 SELL 6 at 181.33 2259986
INFO:root:2021-05-03 TP at 175.25 2483336
INFO:root:Total Profit: 31.86
INFO:root:Total Loss: 8.75
INFO:root:Net Profit: 399.54
INFO:root:SYF
INFO:root:2020-04-07 BUY 62 at 16.12 12779343
INFO:root:2020-04-15 BUY SL at 14.95 11749393
INFO:root:2020-05-01 SELL 54 at 18.51 10646629
INFO:root:2020-05-13 TP at 15.75 9217721
INFO:root:2022-03-29 BUY 27 at 36.76 8138564
INFO:root:2022-03-30 BUY SL at 35.73 8087379
INFO:root:Total Profit: 2.76
INFO:root:Total Loss: 2.2
INFO:root:Net Profit: 48.69
INFO:root:SYK
INFO:root:2020-04-06 BUY 6 at 165.66 3482857
INFO:root:2020-04-07 TP at 179.63 3366179
INFO:root:Total Profit: 13.97
INFO:root:Total Loss: 0
INFO:root:Net Profit: 83.82
INFO:root:SYY
INFO:root:2020-05-01 SELL 19 at 52.76 6039821
INFO:root:2020-05-12 TP at 49.25 5737407
INFO:root:2020-11-03 BUY 17 at 60.25 2915050
INFO:root:2020-11-09 TP at 76.73 3449800
INFO:root:Total Profit: 19.99
INFO:root:Total Loss: 0
INFO:root:Net Profit: 346.85
INFO:root:T
INFO:root:2020-04-21 SELL 44 at 22.56 55360866
INFO:root:2020-04-29 SELL SL at 23.74 48479546
INFO:root:2020-06-11 SELL 44 at 22.79 47022021
INFO:root:2020-09-21 TP at 21.34 50353668
INFO:root:2022-02-25 BUY 55 at 18.06 59805430
INFO:root:2022-03-08 BUY SL at 17.37 59302953
INFO:root:Total Profit: 1.45
INFO:root:Total Loss: 1.87
INFO:root:Net Profit: -26.07
INFO:root:TAP
INFO:root:2011-09-27 BUY 25 at 40.76 1227521
INFO:root:2011-09-28 BUY SL at 39.08 1249371
INFO:root:2015-10-13 BUY 12 at 86.58 4407236
INFO:root:2015-11-12 TP at 94.63 2752079
INFO:root:Total Profit: 8.05
INFO:root:Total Loss: 1.68
INFO:root:Net Profit: 54.6
INFO:root:TDG
INFO:root:2011-09-06 SELL 11 at 88.08 550871
INFO:root:2011-09-07 SELL SL at 90.94 525257
INFO:root:2019-08-06 BUY 2 at 524.39 295193
INFO:root:2019-11-14 TP at 560.61 209164
INFO:root:2019-12-27 SELL 2 at 563.98 294264
INFO:root:2020-01-06 SELL SL at 584.8 307057
INFO:root:2023-03-15 SELL 1 at 697.13 306500
INFO:root:2023-03-28 SELL SL at 719.79 339800
INFO:root:2024-11-07 SELL 1 at 1329.39 217643
INFO:root:2024-11-11 SELL SL at 1374.76 224871
INFO:root:Total Profit: 36.22
INFO:root:Total Loss: 91.71
INFO:root:Net Profit: -68.69
INFO:root:TDY
INFO:root:2012-06-06 BUY 16 at 61.17 163557
INFO:root:2012-07-05 TP at 63.8 161186
INFO:root:Total Profit: 2.63
INFO:root:Total Loss: 0
INFO:root:Net Profit: 42.08
INFO:root:TEAM
INFO:root:2021-12-14 SELL 3 at 351.74 1375414
INFO:root:2021-12-21 SELL SL at 380.63 1679786
INFO:root:2023-02-03 SELL 6 at 169.3 2911900
INFO:root:2023-02-07 SELL SL at 181.16 3053164
INFO:root:Total Profit: 0
INFO:root:Total Loss: 40.75
INFO:root:Net Profit: -157.83
INFO:root:TECH
INFO:root:Total Profit: 0
INFO:root:Total Loss: 0
INFO:root:Net Profit: 0
INFO:root:TEL
INFO:root:2011-09-07 BUY 34 at 29.65 2847629
INFO:root:2011-09-09 BUY SL at 28.09 2796714
INFO:root:2016-06-24 SELL 17 at 57.32 1747064
INFO:root:2016-07-20 SELL SL at 61.87 1683714
INFO:root:2019-12-04 BUY 11 at 90.5 1222529
INFO:root:2019-12-13 TP at 95.83 1347693
INFO:root:2020-05-07 BUY 14 at 73.32 1981314
INFO:root:2020-05-12 BUY SL at 71.41 1840450
INFO:root:2020-06-09 SELL 11 at 87.08 2353414
INFO:root:2020-06-11 TP at 78.59 2390114
INFO:root:2024-02-22 BUY 7 at 143.63 2012421
INFO:root:2024-03-05 BUY SL at 140.24 2095850
INFO:root:Total Profit: 13.82
INFO:root:Total Loss: 11.41
INFO:root:Net Profit: -28.84
INFO:root:TER
INFO:root:2011-04-28 SELL 62 at 16.03 4814271
INFO:root:2011-06-13 TP at 13.85 3036214
INFO:root:2011-09-07 BUY 83 at 11.98 3548500
INFO:root:2011-09-14 TP at 12.76 3210650
INFO:root:2011-11-01 SELL 73 at 13.64 5069271
INFO:root:2011-11-02 SELL SL at 14.03 5055571
INFO:root:2016-06-29 BUY 52 at 19.22 1858336
INFO:root:2016-07-11 TP at 20.57 1643714
INFO:root:2020-04-15 SELL 16 at 61.1 1972221
INFO:root:2020-04-16 SELL SL at 63.86 2019214
INFO:root:Total Profit: 4.31
INFO:root:Total Loss: 3.15
INFO:root:Net Profit: 197.47
INFO:root:TFC
INFO:root:2019-12-06 BUY 18 at 54.24 5500050
INFO:root:2019-12-11 BUY SL at 53.68 6062436
INFO:root:2020-11-04 SELL 23 at 42.68 4936671
INFO:root:2020-11-05 SELL SL at 44.93 5072936
INFO:root:2020-11-16 BUY 21 at 48.57 5991943
INFO:root:2020-11-18 BUY SL at 47.45 5912336
INFO:root:2022-02-25 BUY 16 at 62.97 5731350
INFO:root:2022-03-01 BUY SL at 58.15 6141129
INFO:root:Total Profit: 0
INFO:root:Total Loss: 8.75
INFO:root:Net Profit: -162.47
INFO:root:TFX
INFO:root:2022-11-10 BUY 5 at 218.2 407893
INFO:root:2022-11-23 TP at 225.89 355007
INFO:root:Total Profit: 7.69
INFO:root:Total Loss: 0
INFO:root:Net Profit: 38.45
INFO:root:TGT
INFO:root:2018-05-23 SELL 14 at 71.17 5985136
INFO:root:2018-06-04 SELL SL at 76.35 7143507
INFO:root:2019-11-20 BUY 8 at 126.43 6374429
INFO:root:2020-01-31 BUY SL at 110.74 7135407
INFO:root:Total Profit: 0
INFO:root:Total Loss: 20.87
INFO:root:Net Profit: -198.04
INFO:root:TJX
INFO:root:2015-11-17 BUY 29 at 34.09 9119957
INFO:root:2016-02-02 TP at 36.69 6313814
INFO:root:2020-02-26 BUY 16 at 63.99 5317193
INFO:root:2020-02-27 BUY SL at 60.12 5892279
INFO:root:2020-05-01 SELL 21 at 48.25 10480621
INFO:root:2020-05-14 TP at 42.52 9550064
INFO:root:Total Profit: 8.33
INFO:root:Total Loss: 3.87
INFO:root:Net Profit: 133.81
INFO:root:TMO
INFO:root:2011-09-02 SELL 19 at 52.34 2960450
INFO:root:2011-09-07 SELL SL at 54.22 2889686
INFO:root:2011-10-26 SELL 21 at 48.36 5142864
INFO:root:2011-12-14 TP at 43.64 3112393
INFO:root:2018-01-31 BUY 4 at 224.11 1611807
INFO:root:2018-02-05 BUY SL at 208.31 1684764
INFO:root:Total Profit: 4.72
INFO:root:Total Loss: 17.68
INFO:root:Net Profit: 0.2
INFO:root:TMUS
INFO:root:2012-02-29 SELL 49 at 20.6 4085200
INFO:root:2012-03-30 TP at 17.88 1787907
INFO:root:2012-07-24 BUY 76 at 13.18 2365393
INFO:root:2012-07-25 BUY SL at 12.56 2461575
INFO:root:2015-06-12 BUY 26 at 39.0 8318743
INFO:root:2015-06-17 TP at 40.34 6599114
INFO:root:Total Profit: 4.06
INFO:root:Total Loss: 0.62
INFO:root:Net Profit: 121.0
INFO:root:TPL
INFO:root:2013-06-20 SELL 36 at 28.0 35121
INFO:root:2013-06-24 TP at 26.83 33964
INFO:root:2020-06-11 SELL 5 at 191.77 112200
INFO:root:2020-06-16 SELL SL at 213.78 120536
INFO:root:Total Profit: 1.17
INFO:root:Total Loss: 22.01
INFO:root:Net Profit: -67.93
INFO:root:TPR
INFO:root:2012-07-31 SELL 20 at 49.33 5937643
INFO:root:2012-09-06 SELL SL at 59.95 4684879
INFO:root:2020-02-07 SELL 36 at 27.97 4534543
INFO:root:2020-02-12 SELL SL at 29.47 4642607
INFO:root:2020-04-17 BUY 66 at 15.22 5508779
INFO:root:2020-04-20 BUY SL at 14.21 5368414
INFO:root:2023-02-09 BUY 22 at 44.71 4001300
INFO:root:2023-02-21 BUY SL at 42.37 4291157
INFO:root:Total Profit: 0
INFO:root:Total Loss: 15.47
INFO:root:Net Profit: -384.54
INFO:root:TRGP
INFO:root:2020-02-24 SELL 26 at 37.76 2247179
INFO:root:2020-02-26 TP at 34.42 2352007
INFO:root:2020-06-11 SELL 51 at 19.53 5398107
INFO:root:2020-06-16 SELL SL at 22.83 5542914
INFO:root:Total Profit: 3.34
INFO:root:Total Loss: 3.3
INFO:root:Net Profit: -81.46
INFO:root:TRMB
INFO:root:2011-09-27 BUY 55 at 18.17 1209471
INFO:root:2011-09-30 BUY SL at 16.77 1270200
INFO:root:2021-02-02 BUY 14 at 70.81 5512886
INFO:root:2021-02-10 TP at 75.7 1421679
INFO:root:2022-10-07 SELL 18 at 54.61 1548064
INFO:root:2022-10-11 TP at 51.99 1526236
INFO:root:Total Profit: 7.51
INFO:root:Total Loss: 1.4
INFO:root:Net Profit: 38.62
INFO:root:TROW
INFO:root:2011-07-08 SELL 16 at 60.91 1790857
INFO:root:2011-07-11 TP at 58.35 1831571
INFO:root:2011-09-07 BUY 19 at 51.65 2951736
INFO:root:2011-09-09 BUY SL at 49.43 2611007
INFO:root:2011-09-27 BUY 20 at 49.51 3096064
INFO:root:2011-09-30 BUY SL at 47.77 3192086
INFO:root:2011-10-27 BUY 18 at 56.81 2983829
INFO:root:2011-11-01 BUY SL at 49.64 3094750
INFO:root:2020-04-17 BUY 10 at 103.49 1707614
INFO:root:2020-04-21 BUY SL at 98.85 1589514
INFO:root:2022-09-13 SELL 9 at 116.18 1560064
INFO:root:2022-09-16 TP at 108.3 1988079
INFO:root:2022-10-07 SELL 9 at 106.2 1578493
INFO:root:2022-10-12 TP at 97.45 1649014
INFO:root:2024-06-14 SELL 9 at 114.9 1108643
INFO:root:2024-06-17 SELL SL at 117.04 1090786
INFO:root:Total Profit: 19.19
INFO:root:Total Loss: 17.91
INFO:root:Net Profit: -81.07
INFO:root:TRV
INFO:root:2020-06-11 SELL 9 at 110.55 2454957
INFO:root:2020-07-16 SELL SL at 120.5 1444243
INFO:root:Total Profit: 0
INFO:root:Total Loss: 9.95
INFO:root:Net Profit: -89.55
INFO:root:TSCO
INFO:root:2022-05-18 SELL 28 at 36.33 6187143
INFO:root:2022-06-06 SELL SL at 39.82 7834750
INFO:root:Total Profit: 0
INFO:root:Total Loss: 3.49
INFO:root:Net Profit: -97.72
INFO:root:TSLA
INFO:root:2016-10-06 SELL 75 at 13.4 44917714
INFO:root:2016-11-01 TP at 12.54 77102250
INFO:root:2018-09-10 BUY 53 at 19.03 138174857
INFO:root:2018-09-26 TP at 20.93 139676250
INFO:root:2018-10-01 BUY 48 at 20.71 158952321
INFO:root:2018-10-05 BUY SL at 17.46 177689786
INFO:root:2020-09-28 BUY 7 at 140.4 243968357
INFO:root:2020-10-14 TP at 155.3 142487700
INFO:root:2023-08-21 BUY 4 at 231.28 107698457
INFO:root:2023-08-22 TP at 240.82 109758814
INFO:root:2024-04-24 BUY 6 at 162.13 104790807
INFO:root:2024-04-29 TP at 198.87 114162679
INFO:root:Total Profit: 63.94
INFO:root:Total Loss: 3.25
INFO:root:Net Profit: 372.1
INFO:root:TSN
INFO:root:2021-02-11 SELL 15 at 65.34 2378136
INFO:root:2021-02-18 SELL SL at 67.63 2555529
INFO:root:Total Profit: 0
INFO:root:Total Loss: 2.29
INFO:root:Net Profit: -34.35
INFO:root:TT
INFO:root:2010-04-23 SELL 43 at 22.99 8294880
INFO:root:2010-04-26 SELL SL at 23.45 8535444
INFO:root:2011-09-09 SELL 50 at 20.0 9329355
INFO:root:2011-09-14 SELL SL at 20.85 8965241
INFO:root:Total Profit: 0
INFO:root:Total Loss: 1.31
INFO:root:Net Profit: -62.28
INFO:root:TTD
INFO:root:2022-12-15 SELL 21 at 46.78 4039236
INFO:root:2023-01-05 TP at 42.35 3918407
INFO:root:2023-11-10 SELL 16 at 64.01 7468436
INFO:root:2023-12-19 SELL SL at 77.65 4453664
INFO:root:Total Profit: 4.43
INFO:root:Total Loss: 13.64
INFO:root:Net Profit: -125.21
INFO:root:TTWO
INFO:root:2022-08-29 SELL 8 at 122.9 2102621
INFO:root:2022-09-09 SELL SL at 127.78 1490171
INFO:root:2024-02-09 SELL 6 at 154.91 1699607
INFO:root:2024-02-27 TP at 147.01 2226529
INFO:root:Total Profit: 7.9
INFO:root:Total Loss: 4.88
INFO:root:Net Profit: 8.36
INFO:root:TXN
INFO:root:2020-02-04 BUY 8 at 126.47 5860736
INFO:root:2020-02-05 TP at 132.91 6138557
INFO:root:Total Profit: 6.44
INFO:root:Total Loss: 0
INFO:root:Net Profit: 51.52
INFO:root:TXT
INFO:root:2012-06-29 BUY 40 at 24.87 2783807
INFO:root:2012-07-10 BUY SL at 23.2 2682729
INFO:root:2019-09-05 BUY 22 at 46.29 1318821
INFO:root:2019-09-10 TP at 50.25 1301664
INFO:root:2020-05-18 BUY 37 at 27.19 1954757
INFO:root:2020-05-26 TP at 30.64 1529250
INFO:root:Total Profit: 7.41
INFO:root:Total Loss: 1.67
INFO:root:Net Profit: 147.97
INFO:root:TYL
INFO:root:2016-02-18 SELL 8 at 124.19 501600
INFO:root:2016-04-29 SELL SL at 146.41 377257
INFO:root:Total Profit: 0
INFO:root:Total Loss: 22.22
INFO:root:Net Profit: -177.76
INFO:root:UAL
INFO:root:2014-03-04 BUY 22 at 45.24 4628436
INFO:root:2014-03-05 TP at 47.38 4632643
INFO:root:2016-06-24 SELL 24 at 41.06 6522643
INFO:root:2016-06-27 TP at 37.41 7025914
INFO:root:2020-01-03 SELL 11 at 87.9 2048700
INFO:root:2020-01-16 SELL SL at 89.54 2538593
INFO:root:2022-04-13 BUY 22 at 45.14 11931379
INFO:root:2022-04-21 TP at 52.46 14607914
INFO:root:2022-07-21 SELL 27 at 37.44 12386900
INFO:root:2022-08-12 SELL SL at 39.34 8551700
INFO:root:Total Profit: 13.11
INFO:root:Total Loss: 3.54
INFO:root:Net Profit: 226.38
INFO:root:UBER
INFO:root:2019-08-09 SELL 25 at 40.05 10771157
INFO:root:2019-08-14 TP at 33.36 14442993
INFO:root:2020-07-15 BUY 30 at 32.81 24226886
INFO:root:2020-07-24 BUY SL at 31.18 18567914
INFO:root:2022-10-11 SELL 41 at 24.66 28002629
INFO:root:2022-10-18 SELL SL at 27.61 28923693
INFO:root:2024-08-06 BUY 15 at 64.87 21182550
INFO:root:2024-08-13 TP at 71.19 22568850
INFO:root:2024-10-17 SELL 13 at 79.9 17659179
INFO:root:2024-10-31 TP at 69.87 17430464
INFO:root:Total Profit: 23.04
INFO:root:Total Loss: 4.58
INFO:root:Net Profit: 222.59
INFO:root:UDR
INFO:root:2020-06-11 SELL 26 at 37.8 2111214
INFO:root:2020-06-16 SELL SL at 40.1 2289864
INFO:root:Total Profit: 0
INFO:root:Total Loss: 2.3
INFO:root:Net Profit: -59.8
INFO:root:UHS
INFO:root:2016-11-09 SELL 8 at 119.26 1142043
INFO:root:2016-11-17 SELL SL at 123.89 1100021
INFO:root:2022-10-24 BUY 11 at 93.05 626979
INFO:root:2022-10-26 TP at 110.8 835321
INFO:root:Total Profit: 17.75
INFO:root:Total Loss: 4.63
INFO:root:Net Profit: 158.21
INFO:root:ULTA
INFO:root:2019-08-30 SELL 4 at 237.73 2037800
INFO:root:2019-09-04 TP at 228.2 2582364
INFO:root:Total Profit: 9.53
INFO:root:Total Loss: 0
INFO:root:Net Profit: 38.12
INFO:root:UNH
INFO:root:2015-09-01 SELL 9 at 112.63 4780479
INFO:root:2015-09-08 SELL SL at 116.09 4970393
INFO:root:Total Profit: 0
INFO:root:Total Loss: 3.46
INFO:root:Net Profit: -31.14
INFO:root:UNP
INFO:root:Total Profit: 0
INFO:root:Total Loss: 0
INFO:root:Net Profit: 0
INFO:root:UPS
INFO:root:2011-09-06 SELL 16 at 64.35 5619300
INFO:root:2011-09-14 SELL SL at 66.16 5970057
INFO:root:2015-09-01 SELL 11 at 95.2 4018279
INFO:root:2015-09-08 SELL SL at 97.93 4355400
INFO:root:2020-06-11 SELL 10 at 100.47 4204150
INFO:root:2020-06-15 SELL SL at 105.64 4333029
INFO:root:2023-09-14 BUY 6 at 160.73 3527114
INFO:root:2023-09-19 BUY SL at 158.01 3650271
INFO:root:2023-11-14 BUY 7 at 143.17 4494829
INFO:root:2023-11-15 TP at 147.9 4079493
INFO:root:2024-10-24 BUY 7 at 138.35 3689321
INFO:root:2024-10-30 BUY SL at 133.8 4050871
INFO:root:Total Profit: 4.73
INFO:root:Total Loss: 16.98
INFO:root:Net Profit: -125.75
INFO:root:URI
INFO:root:2015-08-27 BUY 15 at 68.3 2429793
INFO:root:2015-09-23 BUY SL at 63.3 2155600
INFO:root:2019-10-11 BUY 8 at 118.4 1397479
INFO:root:2019-10-17 TP at 132.8 1792721
INFO:root:2020-06-16 BUY 6 at 158.29 1603393
INFO:root:2020-06-24 BUY SL at 142.43 1727700
INFO:root:2020-11-04 SELL 6 at 179.19 1030586
INFO:root:2020-11-09 SELL SL at 205.82 1136629
INFO:root:2022-09-13 SELL 3 at 294.67 674343
INFO:root:2022-09-14 TP at 285.27 681421
INFO:root:Total Profit: 23.8
INFO:root:Total Loss: 47.49
INFO:root:Net Profit: -186.54
INFO:root:USB
INFO:root:2011-09-07 BUY 44 at 22.69 16674579
INFO:root:2011-09-14 TP at 23.81 16612171
INFO:root:2015-09-01 SELL 25 at 40.27 8777657
INFO:root:2015-09-15 SELL SL at 42.0 8935600
INFO:root:2018-06-01 BUY 20 at 50.76 6979693
INFO:root:2018-06-27 BUY SL at 49.83 8068421
INFO:root:2021-12-21 BUY 18 at 55.84 6476571
INFO:root:2022-01-04 TP at 59.08 5850171
INFO:root:2022-02-25 BUY 17 at 57.34 7241036
INFO:root:2022-03-01 BUY SL at 53.86 7652464
INFO:root:Total Profit: 4.36
INFO:root:Total Loss: 6.14
INFO:root:Net Profit: -13.41
INFO:root:V
INFO:root:2010-05-11 SELL 48 at 21.04 30627743
INFO:root:2010-05-14 TP at 18.98 44439486
INFO:root:Total Profit: 2.06
INFO:root:Total Loss: 0
INFO:root:Net Profit: 98.88
INFO:root:VICI
INFO:root:Total Profit: 0
INFO:root:Total Loss: 0
INFO:root:Net Profit: 0
INFO:root:VLO
INFO:root:2010-05-26 BUY 62 at 16.08 12965846
INFO:root:2010-05-28 TP at 17.37 12584235
INFO:root:2011-10-26 BUY 43 at 22.99 13781868
INFO:root:2011-11-16 BUY SL at 20.62 13830958
INFO:root:2021-08-23 BUY 16 at 63.11 3696864
INFO:root:2021-08-27 TP at 68.01 3540007
INFO:root:2022-07-15 BUY 10 at 104.59 4962721
INFO:root:2022-07-26 TP at 111.52 3523521
INFO:root:Total Profit: 13.12
INFO:root:Total Loss: 2.37
INFO:root:Net Profit: 125.77
INFO:root:VLTO
INFO:root:Total Profit: 0
INFO:root:Total Loss: 0
INFO:root:Net Profit: 0
INFO:root:VMC
INFO:root:2010-08-03 SELL 23 at 42.56 1259750
INFO:root:2010-08-11 TP at 39.7 1535343
INFO:root:Total Profit: 2.86
INFO:root:Total Loss: 0
INFO:root:Net Profit: 65.78
INFO:root:VOO
INFO:root:2011-11-01 SELL 9 at 111.6 374721
INFO:root:2011-11-03 SELL SL at 115.46 339639
INFO:root:2015-09-08 BUY 6 at 181.01 4973986
INFO:root:2015-09-17 TP at 185.99 2617643
INFO:root:2020-04-06 BUY 4 at 243.53 11384600
INFO:root:2020-04-07 TP at 252.8 10867393
INFO:root:2020-04-21 SELL 4 at 250.95 7656771
INFO:root:2020-04-24 SELL SL at 260.14 7107707
INFO:root:2020-06-11 SELL 4 at 276.32 5090836
INFO:root:2020-07-10 SELL SL at 291.8 3520686
INFO:root:Total Profit: 14.25
INFO:root:Total Loss: 28.53
INFO:root:Net Profit: -66.46
INFO:root:VRSK
INFO:root:Total Profit: 0
INFO:root:Total Loss: 0
INFO:root:Net Profit: 0
INFO:root:VRSN
INFO:root:2011-05-12 BUY 27 at 36.68 3353000
INFO:root:2011-05-16 BUY SL at 35.7 3403243
INFO:root:2022-11-10 BUY 5 at 191.12 729614
INFO:root:2022-11-30 TP at 202.76 652886
INFO:root:Total Profit: 11.64
INFO:root:Total Loss: 0.98
INFO:root:Net Profit: 31.74
INFO:root:VRTX
INFO:root:2022-05-02 SELL 4 at 261.96 1795229
INFO:root:2022-05-04 SELL SL at 273.7 1753029
INFO:root:Total Profit: 0
INFO:root:Total Loss: 11.74
INFO:root:Net Profit: -46.96
INFO:root:VST
INFO:root:2024-08-02 SELL 14 at 72.43 7811943
INFO:root:2024-08-08 SELL SL at 79.08 7789607
INFO:root:Total Profit: 0
INFO:root:Total Loss: 6.65
INFO:root:Net Profit: -93.1
INFO:root:VTR
INFO:root:2011-09-27 BUY 17 at 58.07 2097133
INFO:root:2011-09-28 BUY SL at 56.39 2106415
INFO:root:Total Profit: 0
INFO:root:Total Loss: 1.68
INFO:root:Net Profit: -28.56
INFO:root:VTRS
INFO:root:2017-03-07 SELL 23 at 43.33 6787429
INFO:root:2017-03-31 TP at 38.95 7187886
INFO:root:2022-11-07 BUY 91 at 10.97 9271893
INFO:root:2023-02-01 TP at 12.4 9229500
INFO:root:Total Profit: 5.81
INFO:root:Total Loss: 0
INFO:root:Net Profit: 230.87
INFO:root:VZ
INFO:root:2020-03-02 BUY 17 at 57.32 20552093
INFO:root:2020-03-12 BUY SL at 51.2 27072821
INFO:root:Total Profit: 0
INFO:root:Total Loss: 6.12
INFO:root:Net Profit: -104.04
INFO:root:WAB
INFO:root:2019-08-30 BUY 14 at 69.21 2248200
INFO:root:2019-09-03 BUY SL at 65.81 2078757
INFO:root:2020-06-10 SELL 15 at 65.21 1272579
INFO:root:2020-06-11 TP at 59.94 1333486
INFO:root:Total Profit: 5.27
INFO:root:Total Loss: 3.4
INFO:root:Net Profit: 31.45
INFO:root:WAT
INFO:root:2011-04-20 BUY 11 at 89.66 541729
INFO:root:2011-04-26 TP at 100.0 607886
INFO:root:2013-01-03 SELL 12 at 86.22 508514
INFO:root:2013-01-08 SELL SL at 88.74 554771
INFO:root:2024-04-23 BUY 3 at 313.3 403671
INFO:root:2024-05-01 TP at 322.44 442579
INFO:root:Total Profit: 19.48
INFO:root:Total Loss: 2.52
INFO:root:Net Profit: 110.92
INFO:root:WBA
INFO:root:2010-06-22 SELL 35 at 28.17 16836507
INFO:root:2010-06-29 TP at 26.33 16868514
INFO:root:2020-11-17 SELL 25 at 39.85 9936050
INFO:root:2021-01-07 SELL SL at 45.26 7322379
INFO:root:Total Profit: 1.84
INFO:root:Total Loss: 5.41
INFO:root:Net Profit: -70.85
INFO:root:WBD
INFO:root:2020-04-17 BUY 45 at 22.14 4849350
INFO:root:2020-04-21 BUY SL at 20.78 4625636
INFO:root:2022-11-02 SELL 79 at 12.68 22180357
INFO:root:2022-11-03 TP at 11.64 23185871
INFO:root:2023-11-08 SELL 106 at 9.4 25244664
INFO:root:2023-12-01 SELL SL at 11.33 20753229
INFO:root:Total Profit: 1.04
INFO:root:Total Loss: 3.29
INFO:root:Net Profit: -183.62
INFO:root:WDAY
INFO:root:2019-10-16 SELL 6 at 160.46 2408121
INFO:root:2019-10-18 TP at 151.06 2693050
INFO:root:Total Profit: 9.4
INFO:root:Total Loss: 0
INFO:root:Net Profit: 56.4
INFO:root:WDC
INFO:root:2020-05-08 BUY 23 at 44.2 7326300
INFO:root:2020-05-12 BUY SL at 40.98 7293421
INFO:root:2021-11-26 SELL 17 at 57.76 4291064
INFO:root:2021-12-07 SELL SL at 59.17 4184386
INFO:root:2022-09-13 SELL 25 at 39.32 3996321
INFO:root:2022-09-19 TP at 36.19 4906271
INFO:root:2022-11-04 BUY 28 at 35.44 5105936
INFO:root:2022-11-10 TP at 37.8 4990936
INFO:root:Total Profit: 5.49
INFO:root:Total Loss: 4.63
INFO:root:Net Profit: 46.3
INFO:root:WEC
INFO:root:Total Profit: 0
INFO:root:Total Loss: 0
INFO:root:Net Profit: 0
INFO:root:WELL
INFO:root:2020-04-07 BUY 23 at 44.4 6519014
INFO:root:2020-04-09 TP at 58.0 6095564
INFO:root:Total Profit: 13.6
INFO:root:Total Loss: 0
INFO:root:Net Profit: 312.8
INFO:root:WFC
INFO:root:2011-07-08 SELL 35 at 28.3 32956521
INFO:root:2011-07-15 TP at 26.94 30164471
INFO:root:2015-09-01 SELL 20 at 50.99 21311150
INFO:root:2015-09-08 SELL SL at 52.93 23809200
INFO:root:2016-02-12 BUY 21 at 47.31 26626700
INFO:root:2016-02-17 TP at 48.96 26564879
INFO:root:2020-07-15 BUY 39 at 25.35 52842943
INFO:root:2020-07-31 BUY SL at 24.26 49289221
INFO:root:2021-11-26 SELL 21 at 48.43 22368279
INFO:root:2021-12-07 SELL SL at 50.25 27791800
INFO:root:Total Profit: 3.01
INFO:root:Total Loss: 4.85
INFO:root:Net Profit: -37.28
INFO:root:WM
INFO:root:2015-02-17 BUY 19 at 53.94 2421850
INFO:root:2015-04-29 BUY SL at 49.88 3071521
INFO:root:Total Profit: 0
INFO:root:Total Loss: 4.06
INFO:root:Net Profit: -77.14
INFO:root:WMB
INFO:root:2012-03-22 SELL 33 at 30.21 5659193
INFO:root:2012-03-27 SELL SL at 30.99 6185921
INFO:root:2013-06-26 BUY 31 at 32.65 8523600
INFO:root:2013-08-01 TP at 36.45 5411921
INFO:root:Total Profit: 3.8
INFO:root:Total Loss: 0.78
INFO:root:Net Profit: 92.06
INFO:root:WMT
INFO:root:2015-09-10 SELL 47 at 21.37 39742907
INFO:root:2015-10-05 SELL SL at 21.96 23098950
INFO:root:2016-05-19 BUY 43 at 23.07 35824307
INFO:root:2016-06-24 TP at 24.24 25972414
INFO:root:Total Profit: 1.17
INFO:root:Total Loss: 0.59
INFO:root:Net Profit: 22.58
INFO:root:WRB
INFO:root:2016-06-24 SELL 60 at 16.55 1215024
INFO:root:2016-06-29 SELL SL at 17.08 1456626
INFO:root:2020-05-01 SELL 44 at 22.87 2242784
INFO:root:2020-05-13 TP at 20.73 1982330
INFO:root:2020-05-18 BUY 43 at 23.08 2521511
INFO:root:2020-05-21 TP at 24.85 2577214
INFO:root:Total Profit: 3.91
INFO:root:Total Loss: 0.53
INFO:root:Net Profit: 138.47
INFO:root:WST
INFO:root:Total Profit: 0
INFO:root:Total Loss: 0
INFO:root:Net Profit: 0
INFO:root:WTW
INFO:root:2011-09-07 BUY 10 at 100.42 460334
INFO:root:2011-09-09 BUY SL at 96.56 447073
INFO:root:2011-10-25 SELL 10 at 98.23 538927
INFO:root:2012-10-24 TP at 84.72 382814
INFO:root:2019-03-06 SELL 6 at 170.88 1148286
INFO:root:2019-04-12 SELL SL at 180.72 539800
INFO:root:2020-02-06 SELL 5 at 208.9 736414
INFO:root:2020-02-27 TP at 194.53 645814
INFO:root:Total Profit: 27.88
INFO:root:Total Loss: 13.7
INFO:root:Net Profit: 109.31
INFO:root:WY
INFO:root:2011-02-07 SELL 42 at 23.61 9007171
INFO:root:2011-02-08 SELL SL at 24.31 8943993
INFO:root:2020-05-01 SELL 56 at 17.97 4795271
INFO:root:2020-05-26 SELL SL at 21.1 6007243
INFO:root:2020-06-09 SELL 42 at 23.75 6104621
INFO:root:2020-06-11 TP at 20.53 6380750
INFO:root:Total Profit: 3.22
INFO:root:Total Loss: 3.83
INFO:root:Net Profit: -69.44
INFO:root:WYNN
INFO:root:2011-09-07 BUY 7 at 152.65 2432186
INFO:root:2011-09-09 BUY SL at 148.43 2161414
INFO:root:2011-10-27 BUY 7 at 136.89 4742693
INFO:root:2011-11-01 BUY SL at 128.61 4558521
INFO:root:2012-04-23 SELL 8 at 125.25 1766950
INFO:root:2012-04-25 SELL SL at 128.9 1891736
INFO:root:2012-11-05 SELL 9 at 111.52 2079929
INFO:root:2012-11-13 TP at 105.58 2164371
INFO:root:2014-12-18 BUY 7 at 145.1 2399657
INFO:root:2014-12-19 TP at 151.95 2527857
INFO:root:2016-11-03 SELL 11 at 87.53 2386664
INFO:root:2016-11-21 SELL SL at 97.38 3523614
INFO:root:2017-02-01 SELL 10 at 97.86 2587486
INFO:root:2017-03-01 SELL SL at 102.71 2265779
INFO:root:2018-11-21 BUY 9 at 105.73 3851486
INFO:root:2018-11-28 TP at 114.83 3639500
INFO:root:2019-12-04 BUY 8 at 118.74 1412543
INFO:root:2019-12-12 TP at 132.57 1586193
INFO:root:2020-04-07 BUY 16 at 60.85 8849457
INFO:root:2020-04-09 TP at 76.88 8854693
INFO:root:2020-11-12 SELL 12 at 86.67 5264386
INFO:root:2020-11-13 SELL SL at 92.19 5351000
INFO:root:2022-03-16 BUY 13 at 75.17 4590993
INFO:root:2022-03-29 TP at 83.76 3152043
INFO:root:Total Profit: 60.34
INFO:root:Total Loss: 36.37
INFO:root:Net Profit: 322.31
INFO:root:XEL
INFO:root:2020-05-18 BUY 17 at 60.13 3724043
INFO:root:2020-05-28 TP at 64.13 3048079
INFO:root:Total Profit: 4.0
INFO:root:Total Loss: 0
INFO:root:Net Profit: 68.0
INFO:root:XOM
INFO:root:2020-06-11 SELL 22 at 46.18 25582021
INFO:root:2020-07-09 TP at 41.29 23061886
INFO:root:2021-03-01 BUY 18 at 56.4 28491864
INFO:root:2021-03-05 TP at 61.05 33334657
INFO:root:2021-12-21 BUY 17 at 60.5 22197107
INFO:root:2022-01-03 TP at 63.6 18975836
INFO:root:2023-10-11 SELL 9 at 106.49 20208650
INFO:root:2023-10-13 SELL SL at 109.87 22847664
INFO:root:Total Profit: 12.64
INFO:root:Total Loss: 3.38
INFO:root:Net Profit: 213.56
INFO:root:XYL
INFO:root:2019-05-03 BUY 12 at 82.29 891279
INFO:root:2019-05-07 BUY SL at 79.17 962621
INFO:root:2020-06-09 SELL 14 at 70.27 1181486
INFO:root:2020-06-11 TP at 63.67 1290650
INFO:root:2022-10-07 SELL 11 at 89.27 1018829
INFO:root:2022-10-13 TP at 84.16 959771
INFO:root:Total Profit: 11.71
INFO:root:Total Loss: 3.12
INFO:root:Net Profit: 111.17
INFO:root:YUM
INFO:root:Total Profit: 0
INFO:root:Total Loss: 0
INFO:root:Net Profit: 0
INFO:root:ZBH
INFO:root:2012-04-26 SELL 17 at 60.26 2118092
INFO:root:2012-04-27 SELL SL at 61.18 2202066
INFO:root:Total Profit: 0
INFO:root:Total Loss: 0.92
INFO:root:Net Profit: -15.64
INFO:root:ZBRA
INFO:root:2011-09-07 BUY 29 at 34.12 185764
INFO:root:2011-09-09 BUY SL at 32.74 182329
INFO:root:2011-09-27 BUY 32 at 31.18 370800
INFO:root:2011-10-11 TP at 34.28 282750
INFO:root:2015-08-11 SELL 12 at 83.8 729114
INFO:root:2015-08-24 TP at 75.13 1029157
INFO:root:2020-04-06 BUY 5 at 191.85 718086
INFO:root:2020-04-07 TP at 200.38 690257
INFO:root:Total Profit: 20.3
INFO:root:Total Loss: 1.38
INFO:root:Net Profit: 205.87
INFO:root:ZS
INFO:root:2022-09-09 BUY 5 at 188.0 2728871
INFO:root:2022-09-12 TP at 194.21 2987921
INFO:root:2022-12-02 SELL 8 at 128.99 2852921
INFO:root:2022-12-06 TP at 115.35 3069743
INFO:root:2024-02-22 BUY 4 at 226.15 2621686
INFO:root:2024-03-04 BUY SL at 214.22 3862129
INFO:root:Total Profit: 19.85
INFO:root:Total Loss: 11.93
INFO:root:Net Profit: 92.45
INFO:root:ZTS
INFO:root:2022-07-15 BUY 6 at 174.54 1695693
INFO:root:2022-08-09 BUY SL at 169.55 1484071
INFO:root:Total Profit: 0
INFO:root:Total Loss: 4.99
INFO:root:Net Profit: -29.94
